Workbook

Sheet 📊 Tổng Quan & Tiến Độ
A1: 🚀 BẢNG THEO DÕI THỬ THÁCH XÂY KÊNH (08/09 - 26/10/2026)
A3: 📌 Bắt đầu: 08/09/2026 - Kết thúc: 26/10/2026 (49 Ngày) | Nhiệm vụ: 1 Reel FB + 2 Bài viết FB + 1 Bài tập nhóm (Kèm Link & Ảnh)
A5: 🏆 BẢNG TỔNG KẾT TIẾN ĐỘ 9 THÀNH VIÊN
A6: STT | B6: Họ và Tên | C6: Mục tiêu Reel | D6: Reel Đã Nộp | E6: Mục tiêu Bài FB | F6: Bài FB Đã Nộp | G6: Mục tiêu Bài tập | H6: Bài tập Đã Nộp | I6: Tổng Mục Tiêu | J6: Tổng Hoàn Thành | K6: Tỷ Lệ Hoàn Thành | L6: Đánh Giá Tiến Độ
A7: 1 | B7: Nancy | C7: 49 | D7: =COUNTIFS('📋 Báo Cáo 49 Ngày'!$F$5:$F$445, B7, '📋 Báo Cáo 49 Ngày'!$G$5:$G$445, "<>") | E7: 98 | F7: =COUNTIFS('📋 Báo Cáo 49 Ngày'!$F$5:$F$445, B7, '📋 Báo Cáo 49 Ngày'!$I$5:$I$445, "<>") + COUNTIFS('📋 Báo Cáo 49 Ngày'!$F$5:$F$445, B7, '📋 Báo Cáo 49 Ngày'!$K$5:$K$445, "<>") | G7: 49 | H7: =COUNTIFS('📋 Báo Cáo 49 Ngày'!$F$5:$F$445, B7, '📋 Báo Cáo 49 Ngày'!$M$5:$M$445, "<>") | I7: =C7+E7+G7 | J7: =D7+F7+H7 | K7: =IF(I7>0, J7/I7, 0) | L7: =IF(K7>=1, "⭐ Xuất sắc (100%)", IF(K7>=0.8, "🔥 Rất Tốt (>=80%)", IF(K7>=0.5, "⚡ Đang Tiến Bộ", "⚠️ Cần Tăng Tốc")))
A8: 2 | B8: Hoài Học Mãi | C8: 49 | D8: =COUNTIFS('📋 Báo Cáo 49 Ngày'!$F$5:$F$445, B8, '📋 Báo Cáo 49 Ngày'!$G$5:$G$445, "<>") | E8: 98 | F8: =COUNTIFS('📋 Báo Cáo 49 Ngày'!$F$5:$F$445, B8, '📋 Báo Cáo 49 Ngày'!$I$5:$I$445, "<>") + COUNTIFS('📋 Báo Cáo 49 Ngày'!$F$5:$F$445, B8, '📋 Báo Cáo 49 Ngày'!$K$5:$K$445, "<>") | G8: 49 | H8: =COUNTIFS('📋 Báo Cáo 49 Ngày'!$F$5:$F$445, B8, '📋 Báo Cáo 49 Ngày'!$M$5:$M$445, "<>") | I8: =C8+E8+G8 | J8: =D8+F8+H8 | K8: =IF(I8>0, J8/I8, 0) | L8: =IF(K8>=1, "⭐ Xuất sắc (100%)", IF(K8>=0.8, "🔥 Rất Tốt (>=80%)", IF(K8>=0.5, "⚡ Đang Tiến Bộ", "⚠️ Cần Tăng Tốc")))
A9: 3 | B9: Lambee | C9: 49 | D9: =COUNTIFS('📋 Báo Cáo 49 Ngày'!$F$5:$F$445, B9, '📋 Báo Cáo 49 Ngày'!$G$5:$G$445, "<>") | E9: 98 | F9: =COUNTIFS('📋 Báo Cáo 49 Ngày'!$F$5:$F$445, B9, '📋 Báo Cáo 49 Ngày'!$I$5:$I$445, "<>") + COUNTIFS('📋 Báo Cáo 49 Ngày'!$F$5:$F$445, B9, '📋 Báo Cáo 49 Ngày'!$K$5:$K$445, "<>") | G9: 49 | H9: =COUNTIFS('📋 Báo Cáo 49 Ngày'!$F$5:$F$445, B9, '📋 Báo Cáo 49 Ngày'!$M$5:$M$445, "<>") | I9: =C9+E9+G9 | J9: =D9+F9+H9 | K9: =IF(I9>0, J9/I9, 0) | L9: =IF(K9>=1, "⭐ Xuất sắc (100%)", IF(K9>=0.8, "🔥 Rất Tốt (>=80%)", IF(K9>=0.5, "⚡ Đang Tiến Bộ", "⚠️ Cần Tăng Tốc")))
A10: 4 | B10: Nhung Hoàng | C10: 49 | D10: =COUNTIFS('📋 Báo Cáo 49 Ngày'!$F$5:$F$445, B10, '📋 Báo Cáo 49 Ngày'!$G$5:$G$445, "<>") | E10: 98 | F10: =COUNTIFS('📋 Báo Cáo 49 Ngày'!$F$5:$F$445, B10, '📋 Báo Cáo 49 Ngày'!$I$5:$I$445, "<>") + COUNTIFS('📋 Báo Cáo 49 Ngày'!$F$5:$F$445, B10, '📋 Báo Cáo 49 Ngày'!$K$5:$K$445, "<>") | G10: 49 | H10: =COUNTIFS('📋 Báo Cáo 49 Ngày'!$F$5:$F$445, B10, '📋 Báo Cáo 49 Ngày'!$M$5:$M$445, "<>") | I10: =C10+E10+G10 | J10: =D10+F10+H10 | K10: =IF(I10>0, J10/I10, 0) | L10: =IF(K10>=1, "⭐ Xuất sắc (100%)", IF(K10>=0.8, "🔥 Rất Tốt (>=80%)", IF(K10>=0.5, "⚡ Đang Tiến Bộ", "⚠️ Cần Tăng Tốc")))
A11: 5 | B11: Quỳnh Thu | C11: 49 | D11: =COUNTIFS('📋 Báo Cáo 49 Ngày'!$F$5:$F$445, B11, '📋 Báo Cáo 49 Ngày'!$G$5:$G$445, "<>") | E11: 98 | F11: =COUNTIFS('📋 Báo Cáo 49 Ngày'!$F$5:$F$445, B11, '📋 Báo Cáo 49 Ngày'!$I$5:$I$445, "<>") + COUNTIFS('📋 Báo Cáo 49 Ngày'!$F$5:$F$445, B11, '📋 Báo Cáo 49 Ngày'!$K$5:$K$445, "<>") | G11: 49 | H11: =COUNTIFS('📋 Báo Cáo 49 Ngày'!$F$5:$F$445, B11, '📋 Báo Cáo 49 Ngày'!$M$5:$M$445, "<>") | I11: =C11+E11+G11 | J11: =D11+F11+H11 | K11: =IF(I11>0, J11/I11, 0) | L11: =IF(K11>=1, "⭐ Xuất sắc (100%)", IF(K11>=0.8, "🔥 Rất Tốt (>=80%)", IF(K11>=0.5, "⚡ Đang Tiến Bộ", "⚠️ Cần Tăng Tốc")))
A12: 6 | B12: TanAnh Pham | C12: 49 | D12: =COUNTIFS('📋 Báo Cáo 49 Ngày'!$F$5:$F$445, B12, '📋 Báo Cáo 49 Ngày'!$G$5:$G$445, "<>") | E12: 98 | F12: =COUNTIFS('📋 Báo Cáo 49 Ngày'!$F$5:$F$445, B12, '📋 Báo Cáo 49 Ngày'!$I$5:$I$445, "<>") + COUNTIFS('📋 Báo Cáo 49 Ngày'!$F$5:$F$445, B12, '📋 Báo Cáo 49 Ngày'!$K$5:$K$445, "<>") | G12: 49 | H12: =COUNTIFS('📋 Báo Cáo 49 Ngày'!$F$5:$F$445, B12, '📋 Báo Cáo 49 Ngày'!$M$5:$M$445, "<>") | I12: =C12+E12+G12 | J12: =D12+F12+H12 | K12: =IF(I12>0, J12/I12, 0) | L12: =IF(K12>=1, "⭐ Xuất sắc (100%)", IF(K12>=0.8, "🔥 Rất Tốt (>=80%)", IF(K12>=0.5, "⚡ Đang Tiến Bộ", "⚠️ Cần Tăng Tốc")))
A13: 7 | B13: Thảo Collins Edu | C13: 49 | D13: =COUNTIFS('📋 Báo Cáo 49 Ngày'!$F$5:$F$445, B13, '📋 Báo Cáo 49 Ngày'!$G$5:$G$445, "<>") | E13: 98 | F13: =COUNTIFS('📋 Báo Cáo 49 Ngày'!$F$5:$F$445, B13, '📋 Báo Cáo 49 Ngày'!$I$5:$I$445, "<>") + COUNTIFS('📋 Báo Cáo 49 Ngày'!$F$5:$F$445, B13, '📋 Báo Cáo 49 Ngày'!$K$5:$K$445, "<>") | G13: 49 | H13: =COUNTIFS('📋 Báo Cáo 49 Ngày'!$F$5:$F$445, B13, '📋 Báo Cáo 49 Ngày'!$M$5:$M$445, "<>") | I13: =C13+E13+G13 | J13: =D13+F13+H13 | K13: =IF(I13>0, J13/I13, 0) | L13: =IF(K13>=1, "⭐ Xuất sắc (100%)", IF(K13>=0.8, "🔥 Rất Tốt (>=80%)", IF(K13>=0.5, "⚡ Đang Tiến Bộ", "⚠️ Cần Tăng Tốc")))
A14: 8 | B14: Trần Quế Lam | C14: 49 | D14: =COUNTIFS('📋 Báo Cáo 49 Ngày'!$F$5:$F$445, B14, '📋 Báo Cáo 49 Ngày'!$G$5:$G$445, "<>") | E14: 98 | F14: =COUNTIFS('📋 Báo Cáo 49 Ngày'!$F$5:$F$445, B14, '📋 Báo Cáo 49 Ngày'!$I$5:$I$445, "<>") + COUNTIFS('📋 Báo Cáo 49 Ngày'!$F$5:$F$445, B14, '📋 Báo Cáo 49 Ngày'!$K$5:$K$445, "<>") | G14: 49 | H14: =COUNTIFS('📋 Báo Cáo 49 Ngày'!$F$5:$F$445, B14, '📋 Báo Cáo 49 Ngày'!$M$5:$M$445, "<>") | I14: =C14+E14+G14 | J14: =D14+F14+H14 | K14: =IF(I14>0, J14/I14, 0) | L14: =IF(K14>=1, "⭐ Xuất sắc (100%)", IF(K14>=0.8, "🔥 Rất Tốt (>=80%)", IF(K14>=0.5, "⚡ Đang Tiến Bộ", "⚠️ Cần Tăng Tốc")))
A15: 9 | B15: Phạm Huyền | C15: 49 | D15: =COUNTIFS('📋 Báo Cáo 49 Ngày'!$F$5:$F$445, B15, '📋 Báo Cáo 49 Ngày'!$G$5:$G$445, "<>") | E15: 98 | F15: =COUNTIFS('📋 Báo Cáo 49 Ngày'!$F$5:$F$445, B15, '📋 Báo Cáo 49 Ngày'!$I$5:$I$445, "<>") + COUNTIFS('📋 Báo Cáo 49 Ngày'!$F$5:$F$445, B15, '📋 Báo Cáo 49 Ngày'!$K$5:$K$445, "<>") | G15: 49 | H15: =COUNTIFS('📋 Báo Cáo 49 Ngày'!$F$5:$F$445, B15, '📋 Báo Cáo 49 Ngày'!$M$5:$M$445, "<>") | I15: =C15+E15+G15 | J15: =D15+F15+H15 | K15: =IF(I15>0, J15/I15, 0) | L15: =IF(K15>=1, "⭐ Xuất sắc (100%)", IF(K15>=0.8, "🔥 Rất Tốt (>=80%)", IF(K15>=0.5, "⚡ Đang Tiến Bộ", "⚠️ Cần Tăng Tốc")))
A16: TỔNG CỘNG TOÀN NHÓM | C16: =SUM(C7:C15) | D16: =SUM(D7:D15) | E16: =SUM(E7:E15) | F16: =SUM(F7:F15) | G16: =SUM(G7:G15) | H16: =SUM(H7:H15) | I16: =SUM(I7:I15) | J16: =SUM(J7:J15) | K16: =IF(I16>0, J16/I16, 0) | L16: =IF(K16>=0.8, "🎉 Toàn nhóm đạt chỉ tiêu", "💪 Cùng nhau cố gắng")
A19: 📅 BẢNG TIẾN ĐỘ THEO TỪNG TUẦN (08/09 -> 26/10/2026)
A20: Tuần | B20: Khoảng Thời Gian | C20: Tổng NV Cả Nhóm | D20: Reel Đã Nộp | E20: Bài FB Đã Nộp | F20: Bài Tập Đã Nộp | G20: Tổng Đã Nộp | H20: Tỷ Lệ Đạt (%) | I20: Tình Trạng Tuần
A21: Tuần 1 | B21: 08/09 - 14/09/2026 | C21: 252 | D21: =COUNTIFS('📋 Báo Cáo 49 Ngày'!$B$5:$B$445, "Tuần " & 1, '📋 Báo Cáo 49 Ngày'!$G$5:$G$445, "<>") | E21: =COUNTIFS('📋 Báo Cáo 49 Ngày'!$B$5:$B$445, "Tuần " & 1, '📋 Báo Cáo 49 Ngày'!$I$5:$I$445, "<>") + COUNTIFS('📋 Báo Cáo 49 Ngày'!$B$5:$B$445, "Tuần " & 1, '📋 Báo Cáo 49 Ngày'!$K$5:$K$445, "<>") | F21: =COUNTIFS('📋 Báo Cáo 49 Ngày'!$B$5:$B$445, "Tuần " & 1, '📋 Báo Cáo 49 Ngày'!$M$5:$M$445, "<>") | G21: =D21+E21+F21 | H21: =IF(C21>0, G21/C21, 0) | I21: =IF(H21>=0.9, "✅ Về đích xuất sắc", IF(H21>=0.7, "⚡ Tiến độ ổn định", IF(H21>0, "⏳ Đang thực hiện", "⚪ Chưa bắt đầu")))
A22: Tuần 2 | B22: 15/09 - 21/09/2026 | C22: 252 | D22: =COUNTIFS('📋 Báo Cáo 49 Ngày'!$B$5:$B$445, "Tuần " & 2, '📋 Báo Cáo 49 Ngày'!$G$5:$G$445, "<>") | E22: =COUNTIFS('📋 Báo Cáo 49 Ngày'!$B$5:$B$445, "Tuần " & 2, '📋 Báo Cáo 49 Ngày'!$I$5:$I$445, "<>") + COUNTIFS('📋 Báo Cáo 49 Ngày'!$B$5:$B$445, "Tuần " & 2, '📋 Báo Cáo 49 Ngày'!$K$5:$K$445, "<>") | F22: =COUNTIFS('📋 Báo Cáo 49 Ngày'!$B$5:$B$445, "Tuần " & 2, '📋 Báo Cáo 49 Ngày'!$M$5:$M$445, "<>") | G22: =D22+E22+F22 | H22: =IF(C22>0, G22/C22, 0) | I22: =IF(H22>=0.9, "✅ Về đích xuất sắc", IF(H22>=0.7, "⚡ Tiến độ ổn định", IF(H22>0, "⏳ Đang thực hiện", "⚪ Chưa bắt đầu")))
A23: Tuần 3 | B23: 22/09 - 28/09/2026 | C23: 252 | D23: =COUNTIFS('📋 Báo Cáo 49 Ngày'!$B$5:$B$445, "Tuần " & 3, '📋 Báo Cáo 49 Ngày'!$G$5:$G$445, "<>") | E23: =COUNTIFS('📋 Báo Cáo 49 Ngày'!$B$5:$B$445, "Tuần " & 3, '📋 Báo Cáo 49 Ngày'!$I$5:$I$445, "<>") + COUNTIFS('📋 Báo Cáo 49 Ngày'!$B$5:$B$445, "Tuần " & 3, '📋 Báo Cáo 49 Ngày'!$K$5:$K$445, "<>") | F23: =COUNTIFS('📋 Báo Cáo 49 Ngày'!$B$5:$B$445, "Tuần " & 3, '📋 Báo Cáo 49 Ngày'!$M$5:$M$445, "<>") | G23: =D23+E23+F23 | H23: =IF(C23>0, G23/C23, 0) | I23: =IF(H23>=0.9, "✅ Về đích xuất sắc", IF(H23>=0.7, "⚡ Tiến độ ổn định", IF(H23>0, "⏳ Đang thực hiện", "⚪ Chưa bắt đầu")))
A24: Tuần 4 | B24: 29/09 - 05/10/2026 | C24: 252 | D24: =COUNTIFS('📋 Báo Cáo 49 Ngày'!$B$5:$B$445, "Tuần " & 4, '📋 Báo Cáo 49 Ngày'!$G$5:$G$445, "<>") | E24: =COUNTIFS('📋 Báo Cáo 49 Ngày'!$B$5:$B$445, "Tuần " & 4, '📋 Báo Cáo 49 Ngày'!$I$5:$I$445, "<>") + COUNTIFS('📋 Báo Cáo 49 Ngày'!$B$5:$B$445, "Tuần " & 4, '📋 Báo Cáo 49 Ngày'!$K$5:$K$445, "<>") | F24: =COUNTIFS('📋 Báo Cáo 49 Ngày'!$B$5:$B$445, "Tuần " & 4, '📋 Báo Cáo 49 Ngày'!$M$5:$M$445, "<>") | G24: =D24+E24+F24 | H24: =IF(C24>0, G24/C24, 0) | I24: =IF(H24>=0.9, "✅ Về đích xuất sắc", IF(H24>=0.7, "⚡ Tiến độ ổn định", IF(H24>0, "⏳ Đang thực hiện", "⚪ Chưa bắt đầu")))
A25: Tuần 5 | B25: 06/10 - 12/10/2026 | C25: 252 | D25: =COUNTIFS('📋 Báo Cáo 49 Ngày'!$B$5:$B$445, "Tuần " & 5, '📋 Báo Cáo 49 Ngày'!$G$5:$G$445, "<>") | E25: =COUNTIFS('📋 Báo Cáo 49 Ngày'!$B$5:$B$445, "Tuần " & 5, '📋 Báo Cáo 49 Ngày'!$I$5:$I$445, "<>") + COUNTIFS('📋 Báo Cáo 49 Ngày'!$B$5:$B$445, "Tuần " & 5, '📋 Báo Cáo 49 Ngày'!$K$5:$K$445, "<>") | F25: =COUNTIFS('📋 Báo Cáo 49 Ngày'!$B$5:$B$445, "Tuần " & 5, '📋 Báo Cáo 49 Ngày'!$M$5:$M$445, "<>") | G25: =D25+E25+F25 | H25: =IF(C25>0, G25/C25, 0) | I25: =IF(H25>=0.9, "✅ Về đích xuất sắc", IF(H25>=0.7, "⚡ Tiến độ ổn định", IF(H25>0, "⏳ Đang thực hiện", "⚪ Chưa bắt đầu")))
A26: Tuần 6 | B26: 13/10 - 19/10/2026 | C26: 252 | D26: =COUNTIFS('📋 Báo Cáo 49 Ngày'!$B$5:$B$445, "Tuần " & 6, '📋 Báo Cáo 49 Ngày'!$G$5:$G$445, "<>") | E26: =COUNTIFS('📋 Báo Cáo 49 Ngày'!$B$5:$B$445, "Tuần " & 6, '📋 Báo Cáo 49 Ngày'!$I$5:$I$445, "<>") + COUNTIFS('📋 Báo Cáo 49 Ngày'!$B$5:$B$445, "Tuần " & 6, '📋 Báo Cáo 49 Ngày'!$K$5:$K$445, "<>") | F26: =COUNTIFS('📋 Báo Cáo 49 Ngày'!$B$5:$B$445, "Tuần " & 6, '📋 Báo Cáo 49 Ngày'!$M$5:$M$445, "<>") | G26: =D26+E26+F26 | H26: =IF(C26>0, G26/C26, 0) | I26: =IF(H26>=0.9, "✅ Về đích xuất sắc", IF(H26>=0.7, "⚡ Tiến độ ổn định", IF(H26>0, "⏳ Đang thực hiện", "⚪ Chưa bắt đầu")))
A27: Tuần 7 | B27: 20/10 - 26/10/2026 | C27: 252 | D27: =COUNTIFS('📋 Báo Cáo 49 Ngày'!$B$5:$B$445, "Tuần " & 7, '📋 Báo Cáo 49 Ngày'!$G$5:$G$445, "<>") | E27: =COUNTIFS('📋 Báo Cáo 49 Ngày'!$B$5:$B$445, "Tuần " & 7, '📋 Báo Cáo 49 Ngày'!$I$5:$I$445, "<>") + COUNTIFS('📋 Báo Cáo 49 Ngày'!$B$5:$B$445, "Tuần " & 7, '📋 Báo Cáo 49 Ngày'!$K$5:$K$445, "<>") | F27: =COUNTIFS('📋 Báo Cáo 49 Ngày'!$B$5:$B$445, "Tuần " & 7, '📋 Báo Cáo 49 Ngày'!$M$5:$M$445, "<>") | G27: =D27+E27+F27 | H27: =IF(C27>0, G27/C27, 0) | I27: =IF(H27>=0.9, "✅ Về đích xuất sắc", IF(H27>=0.7, "⚡ Tiến độ ổn định", IF(H27>0, "⏳ Đang thực hiện", "⚪ Chưa bắt đầu")))

Sheet 📋 Báo Cáo 49 Ngày
A1: 📋 BẢNG BÁO CÁO CHI TIẾT 49 NGÀY - DÁN LINK & HÌNH ẢNH MINH CHỨNG
A3: 💡 Hướng dẫn: Thành viên dán Link Facebook hoặc Link Ảnh Drive/Chèn ảnh chụp màn hình vào các cột tương ứng. Hệ thống tự động đếm & tính % hoàn thành.
A4: STT | B4: Tuần | C4: Thứ | D4: Ngày | E4: Ngày Thứ | F4: Thành Viên | G4: Link Reel FB | H4: Ảnh Minh Chứng Reel | I4: Link Bài Viết 1 | J4: Ảnh Bài Viết 1 | K4: Link Bài Viết 2 | L4: Ảnh Bài Viết 2 | M4: Link Bài Tập Nhóm | N4: Ảnh Bài Tập Nhóm | O4: Hoàn Thành (/4) | P4: Trạng Thái Ngày
A5: 1 | B5: Tuần 1 | C5: Thứ 3 | D5: 08/09/2026 | E5: Ngày 01 | F5: Nancy | O5: =IF(OR(G5<>"",H5<>""),1,0) + IF(OR(I5<>"",J5<>""),1,0) + IF(OR(K5<>"",L5<>""),1,0) + IF(OR(M5<>"",N5<>""),1,0) | P5: =IF(O5=4,"✅ Đủ 4 nhiệm vụ",IF(O5>0,"⏳ Đạt "&O5&"/4","❌ Chưa nộp"))
A6: 2 | B6: Tuần 1 | C6: Thứ 3 | D6: 08/09/2026 | E6: Ngày 01 | F6: Hoài Học Mãi | O6: =IF(OR(G6<>"",H6<>""),1,0) + IF(OR(I6<>"",J6<>""),1,0) + IF(OR(K6<>"",L6<>""),1,0) + IF(OR(M6<>"",N6<>""),1,0) | P6: =IF(O6=4,"✅ Đủ 4 nhiệm vụ",IF(O6>0,"⏳ Đạt "&O6&"/4","❌ Chưa nộp"))
A7: 3 | B7: Tuần 1 | C7: Thứ 3 | D7: 08/09/2026 | E7: Ngày 01 | F7: Lambee | O7: =IF(OR(G7<>"",H7<>""),1,0) + IF(OR(I7<>"",J7<>""),1,0) + IF(OR(K7<>"",L7<>""),1,0) + IF(OR(M7<>"",N7<>""),1,0) | P7: =IF(O7=4,"✅ Đủ 4 nhiệm vụ",IF(O7>0,"⏳ Đạt "&O7&"/4","❌ Chưa nộp"))
A8: 4 | B8: Tuần 1 | C8: Thứ 3 | D8: 08/09/2026 | E8: Ngày 01 | F8: Nhung Hoàng | O8: =IF(OR(G8<>"",H8<>""),1,0) + IF(OR(I8<>"",J8<>""),1,0) + IF(OR(K8<>"",L8<>""),1,0) + IF(OR(M8<>"",N8<>""),1,0) | P8: =IF(O8=4,"✅ Đủ 4 nhiệm vụ",IF(O8>0,"⏳ Đạt "&O8&"/4","❌ Chưa nộp"))
A9: 5 | B9: Tuần 1 | C9: Thứ 3 | D9: 08/09/2026 | E9: Ngày 01 | F9: Quỳnh Thu | O9: =IF(OR(G9<>"",H9<>""),1,0) + IF(OR(I9<>"",J9<>""),1,0) + IF(OR(K9<>"",L9<>""),1,0) + IF(OR(M9<>"",N9<>""),1,0) | P9: =IF(O9=4,"✅ Đủ 4 nhiệm vụ",IF(O9>0,"⏳ Đạt "&O9&"/4","❌ Chưa nộp"))
A10: 6 | B10: Tuần 1 | C10: Thứ 3 | D10: 08/09/2026 | E10: Ngày 01 | F10: TanAnh Pham | O10: =IF(OR(G10<>"",H10<>""),1,0) + IF(OR(I10<>"",J10<>""),1,0) + IF(OR(K10<>"",L10<>""),1,0) + IF(OR(M10<>"",N10<>""),1,0) | P10: =IF(O10=4,"✅ Đủ 4 nhiệm vụ",IF(O10>0,"⏳ Đạt "&O10&"/4","❌ Chưa nộp"))
A11: 7 | B11: Tuần 1 | C11: Thứ 3 | D11: 08/09/2026 | E11: Ngày 01 | F11: Thảo Collins Edu | O11: =IF(OR(G11<>"",H11<>""),1,0) + IF(OR(I11<>"",J11<>""),1,0) + IF(OR(K11<>"",L11<>""),1,0) + IF(OR(M11<>"",N11<>""),1,0) | P11: =IF(O11=4,"✅ Đủ 4 nhiệm vụ",IF(O11>0,"⏳ Đạt "&O11&"/4","❌ Chưa nộp"))
A12: 8 | B12: Tuần 1 | C12: Thứ 3 | D12: 08/09/2026 | E12: Ngày 01 | F12: Trần Quế Lam | O12: =IF(OR(G12<>"",H12<>""),1,0) + IF(OR(I12<>"",J12<>""),1,0) + IF(OR(K12<>"",L12<>""),1,0) + IF(OR(M12<>"",N12<>""),1,0) | P12: =IF(O12=4,"✅ Đủ 4 nhiệm vụ",IF(O12>0,"⏳ Đạt "&O12&"/4","❌ Chưa nộp"))
A13: 9 | B13: Tuần 1 | C13: Thứ 3 | D13: 08/09/2026 | E13: Ngày 01 | F13: Phạm Huyền | O13: =IF(OR(G13<>"",H13<>""),1,0) + IF(OR(I13<>"",J13<>""),1,0) + IF(OR(K13<>"",L13<>""),1,0) + IF(OR(M13<>"",N13<>""),1,0) | P13: =IF(O13=4,"✅ Đủ 4 nhiệm vụ",IF(O13>0,"⏳ Đạt "&O13&"/4","❌ Chưa nộp"))
A14: 10 | B14: Tuần 1 | C14: Thứ 4 | D14: 09/09/2026 | E14: Ngày 02 | F14: Nancy | O14: =IF(OR(G14<>"",H14<>""),1,0) + IF(OR(I14<>"",J14<>""),1,0) + IF(OR(K14<>"",L14<>""),1,0) + IF(OR(M14<>"",N14<>""),1,0) | P14: =IF(O14=4,"✅ Đủ 4 nhiệm vụ",IF(O14>0,"⏳ Đạt "&O14&"/4","❌ Chưa nộp"))
A15: 11 | B15: Tuần 1 | C15: Thứ 4 | D15: 09/09/2026 | E15: Ngày 02 | F15: Hoài Học Mãi | O15: =IF(OR(G15<>"",H15<>""),1,0) + IF(OR(I15<>"",J15<>""),1,0) + IF(OR(K15<>"",L15<>""),1,0) + IF(OR(M15<>"",N15<>""),1,0) | P15: =IF(O15=4,"✅ Đủ 4 nhiệm vụ",IF(O15>0,"⏳ Đạt "&O15&"/4","❌ Chưa nộp"))
A16: 12 | B16: Tuần 1 | C16: Thứ 4 | D16: 09/09/2026 | E16: Ngày 02 | F16: Lambee | O16: =IF(OR(G16<>"",H16<>""),1,0) + IF(OR(I16<>"",J16<>""),1,0) + IF(OR(K16<>"",L16<>""),1,0) + IF(OR(M16<>"",N16<>""),1,0) | P16: =IF(O16=4,"✅ Đủ 4 nhiệm vụ",IF(O16>0,"⏳ Đạt "&O16&"/4","❌ Chưa nộp"))
... A445: 441 | B445: Tuần 7 | C445: Thứ 2 | D445: 26/10/2026 | E445: Ngày 49 | F445: Phạm Huyền | O445: =IF(OR(G445<>"",H445<>""),1,0) + IF(OR(I445<>"",J445<>""),1,0) + IF(OR(K445<>"",L445<>""),1,0) + IF(OR(M445<>"",N445<>""),1,0) | P445: =IF(O445=4,"✅ Đủ 4 nhiệm vụ",IF(O445>0,"⏳ Đạt "&O445&"/4","❌ Chưa nộp"))

Sheet Tuần 1
A1: 📅 TUẦN 1 (08/09 - 14/09/2026) - BÁO CÁO 9 THÀNH VIÊN
A4: 📍 THỨ 3 (08/09/2026) - NGÀY 01 / 49
A5: STT | B5: Thành Viên | C5: Reel (Link/Ảnh) | D5: Bài Viết 1 (Link/Ảnh) | E5: Bài Viết 2 (Link/Ảnh) | F5: Bài Tập Nhóm (Link/Ảnh) | G5: Chi Tiết Ảnh Minh Chứng | H5: Hoàn Thành | I5: Đánh Giá | J5: Ghi Chú
A6: 1 | B6: Nancy | C6: ='📋 Báo Cáo 49 Ngày'!G5 | D6: ='📋 Báo Cáo 49 Ngày'!I5 | E6: ='📋 Báo Cáo 49 Ngày'!K5 | F6: ='📋 Báo Cáo 49 Ngày'!M5 | G6: =IF(COUNTIF('📋 Báo Cáo 49 Ngày'!H5:N5, "<>")>0, "🖼️ Có kèm ảnh", "—") | H6: ='📋 Báo Cáo 49 Ngày'!O5 | I6: ='📋 Báo Cáo 49 Ngày'!P5
A7: 2 | B7: Hoài Học Mãi | C7: ='📋 Báo Cáo 49 Ngày'!G6 | D7: ='📋 Báo Cáo 49 Ngày'!I6 | E7: ='📋 Báo Cáo 49 Ngày'!K6 | F7: ='📋 Báo Cáo 49 Ngày'!M6 | G7: =IF(COUNTIF('📋 Báo Cáo 49 Ngày'!H6:N6, "<>")>0, "🖼️ Có kèm ảnh", "—") | H7: ='📋 Báo Cáo 49 Ngày'!O6 | I7: ='📋 Báo Cáo 49 Ngày'!P6
A8: 3 | B8: Lambee | C8: ='📋 Báo Cáo 49 Ngày'!G7 | D8: ='📋 Báo Cáo 49 Ngày'!I7 | E8: ='📋 Báo Cáo 49 Ngày'!K7 | F8: ='📋 Báo Cáo 49 Ngày'!M7 | G8: =IF(COUNTIF('📋 Báo Cáo 49 Ngày'!H7:N7, "<>")>0, "🖼️ Có kèm ảnh", "—") | H8: ='📋 Báo Cáo 49 Ngày'!O7 | I8: ='📋 Báo Cáo 49 Ngày'!P7
A9: 4 | B9: Nhung Hoàng | C9: ='📋 Báo Cáo 49 Ngày'!G8 | D9: ='📋 Báo Cáo 49 Ngày'!I8 | E9: ='📋 Báo Cáo 49 Ngày'!K8 | F9: ='📋 Báo Cáo 49 Ngày'!M8 | G9: =IF(COUNTIF('📋 Báo Cáo 49 Ngày'!H8:N8, "<>")>0, "🖼️ Có kèm ảnh", "—") | H9: ='📋 Báo Cáo 49 Ngày'!O8 | I9: ='📋 Báo Cáo 49 Ngày'!P8
A10: 5 | B10: Quỳnh Thu | C10: ='📋 Báo Cáo 49 Ngày'!G9 | D10: ='📋 Báo Cáo 49 Ngày'!I9 | E10: ='📋 Báo Cáo 49 Ngày'!K9 | F10: ='📋 Báo Cáo 49 Ngày'!M9 | G10: =IF(COUNTIF('📋 Báo Cáo 49 Ngày'!H9:N9, "<>")>0, "🖼️ Có kèm ảnh", "—") | H10: ='📋 Báo Cáo 49 Ngày'!O9 | I10: ='📋 Báo Cáo 49 Ngày'!P9
A11: 6 | B11: TanAnh Pham | C11: ='📋 Báo Cáo 49 Ngày'!G10 | D11: ='📋 Báo Cáo 49 Ngày'!I10 | E11: ='📋 Báo Cáo 49 Ngày'!K10 | F11: ='📋 Báo Cáo 49 Ngày'!M10 | G11: =IF(COUNTIF('📋 Báo Cáo 49 Ngày'!H10:N10, "<>")>0, "🖼️ Có kèm ảnh", "—") | H11: ='📋 Báo Cáo 49 Ngày'!O10 | I11: ='📋 Báo Cáo 49 Ngày'!P10
A12: 7 | B12: Thảo Collins Edu | C12: ='📋 Báo Cáo 49 Ngày'!G11 | D12: ='📋 Báo Cáo 49 Ngày'!I11 | E12: ='📋 Báo Cáo 49 Ngày'!K11 | F12: ='📋 Báo Cáo 49 Ngày'!M11 | G12: =IF(COUNTIF('📋 Báo Cáo 49 Ngày'!H11:N11, "<>")>0, "🖼️ Có kèm ảnh", "—") | H12: ='📋 Báo Cáo 49 Ngày'!O11 | I12: ='📋 Báo Cáo 49 Ngày'!P11
A13: 8 | B13: Trần Quế Lam | C13: ='📋 Báo Cáo 49 Ngày'!G12 | D13: ='📋 Báo Cáo 49 Ngày'!I12 | E13: ='📋 Báo Cáo 49 Ngày'!K12 | F13: ='📋 Báo Cáo 49 Ngày'!M12 | G13: =IF(COUNTIF('📋 Báo Cáo 49 Ngày'!H12:N12, "<>")>0, "🖼️ Có kèm ảnh", "—") | H13: ='📋 Báo Cáo 49 Ngày'!O12 | I13: ='📋 Báo Cáo 49 Ngày'!P12
A14: 9 | B14: Phạm Huyền | C14: ='📋 Báo Cáo 49 Ngày'!G13 | D14: ='📋 Báo Cáo 49 Ngày'!I13 | E14: ='📋 Báo Cáo 49 Ngày'!K13 | F14: ='📋 Báo Cáo 49 Ngày'!M13 | G14: =IF(COUNTIF('📋 Báo Cáo 49 Ngày'!H13:N13, "<>")>0, "🖼️ Có kèm ảnh", "—") | H14: ='📋 Báo Cáo 49 Ngày'!O13 | I14: ='📋 Báo Cáo 49 Ngày'!P13
A16: 📍 THỨ 4 (09/09/2026) - NGÀY 02 / 49
A17: STT | B17: Thành Viên | C17: Reel (Link/Ảnh) | D17: Bài Viết 1 (Link/Ảnh) | E17: Bài Viết 2 (Link/Ảnh) | F17: Bài Tập Nhóm (Link/Ảnh) | G17: Chi Tiết Ảnh Minh Chứng | H17: Hoàn Thành | I17: Đánh Giá | J17: Ghi Chú
A18: 1 | B18: Nancy | C18: ='📋 Báo Cáo 49 Ngày'!G14 | D18: ='📋 Báo Cáo 49 Ngày'!I14 | E18: ='📋 Báo Cáo 49 Ngày'!K14 | F18: ='📋 Báo Cáo 49 Ngày'!M14 | G18: =IF(COUNTIF('📋 Báo Cáo 49 Ngày'!H14:N14, "<>")>0, "🖼️ Có kèm ảnh", "—") | H18: ='📋 Báo Cáo 49 Ngày'!O14 | I18: ='📋 Báo Cáo 49 Ngày'!P14
A19: 2 | B19: Hoài Học Mãi | C19: ='📋 Báo Cáo 49 Ngày'!G15 | D19: ='📋 Báo Cáo 49 Ngày'!I15 | E19: ='📋 Báo Cáo 49 Ngày'!K15 | F19: ='📋 Báo Cáo 49 Ngày'!M15 | G19: =IF(COUNTIF('📋 Báo Cáo 49 Ngày'!H15:N15, "<>")>0, "🖼️ Có kèm ảnh", "—") | H19: ='📋 Báo Cáo 49 Ngày'!O15 | I19: ='📋 Báo Cáo 49 Ngày'!P15
A20: 3 | B20: Lambee | C20: ='📋 Báo Cáo 49 Ngày'!G16 | D20: ='📋 Báo Cáo 49 Ngày'!I16 | E20: ='📋 Báo Cáo 49 Ngày'!K16 | F20: ='📋 Báo Cáo 49 Ngày'!M16 | G20: =IF(COUNTIF('📋 Báo Cáo 49 Ngày'!H16:N16, "<>")>0, "🖼️ Có kèm ảnh", "—") | H20: ='📋 Báo Cáo 49 Ngày'!O16 | I20: ='📋 Báo Cáo 49 Ngày'!P16
A21: 4 | B21: Nhung Hoàng | C21: ='📋 Báo Cáo 49 Ngày'!G17 | D21: ='📋 Báo Cáo 49 Ngày'!I17 | E21: ='📋 Báo Cáo 49 Ngày'!K17 | F21: ='📋 Báo Cáo 49 Ngày'!M17 | G21: =IF(COUNTIF('📋 Báo Cáo 49 Ngày'!H17:N17, "<>")>0, "🖼️ Có kèm ảnh", "—") | H21: ='📋 Báo Cáo 49 Ngày'!O17 | I21: ='📋 Báo Cáo 49 Ngày'!P17
A22: 5 | B22: Quỳnh Thu | C22: ='📋 Báo Cáo 49 Ngày'!G18 | D22: ='📋 Báo Cáo 49 Ngày'!I18 | E22: ='📋 Báo Cáo 49 Ngày'!K18 | F22: ='📋 Báo Cáo 49 Ngày'!M18 | G22: =IF(COUNTIF('📋 Báo Cáo 49 Ngày'!H18:N18, "<>")>0, "🖼️ Có kèm ảnh", "—") | H22: ='📋 Báo Cáo 49 Ngày'!O18 | I22: ='📋 Báo Cáo 49 Ngày'!P18
A23: 6 | B23: TanAnh Pham | C23: ='📋 Báo Cáo 49 Ngày'!G19 | D23: ='📋 Báo Cáo 49 Ngày'!I19 | E23: ='📋 Báo Cáo 49 Ngày'!K19 | F23: ='📋 Báo Cáo 49 Ngày'!M19 | G23: =IF(COUNTIF('📋 Báo Cáo 49 Ngày'!H19:N19, "<>")>0, "🖼️ Có kèm ảnh", "—") | H23: ='📋 Báo Cáo 49 Ngày'!O19 | I23: ='📋 Báo Cáo 49 Ngày'!P19
A24: 7 | B24: Thảo Collins Edu | C24: ='📋 Báo Cáo 49 Ngày'!G20 | D24: ='📋 Báo Cáo 49 Ngày'!I20 | E24: ='📋 Báo Cáo 49 Ngày'!K20 | F24: ='📋 Báo Cáo 49 Ngày'!M20 | G24: =IF(COUNTIF('📋 Báo Cáo 49 Ngày'!H20:N20, "<>")>0, "🖼️ Có kèm ảnh", "—") | H24: ='📋 Báo Cáo 49 Ngày'!O20 | I24: ='📋 Báo Cáo 49 Ngày'!P20
A25: 8 | B25: Trần Quế Lam | C25: ='📋 Báo Cáo 49 Ngày'!G21 | D25: ='📋 Báo Cáo 49 Ngày'!I21 | E25: ='📋 Báo Cáo 49 Ngày'!K21 | F25: ='📋 Báo Cáo 49 Ngày'!M21 | G25: =IF(COUNTIF('📋 Báo Cáo 49 Ngày'!H21:N21, "<>")>0, "🖼️ Có kèm ảnh", "—") | H25: ='📋 Báo Cáo 49 Ngày'!O21 | I25: ='📋 Báo Cáo 49 Ngày'!P21
A26: 9 | B26: Phạm Huyền | C26: ='📋 Báo Cáo 49 Ngày'!G22 | D26: ='📋 Báo Cáo 49 Ngày'!I22 | E26: ='📋 Báo Cáo 49 Ngày'!K22 | F26: ='📋 Báo Cáo 49 Ngày'!M22 | G26: =IF(COUNTIF('📋 Báo Cáo 49 Ngày'!H22:N22, "<>")>0, "🖼️ Có kèm ảnh", "—") | H26: ='📋 Báo Cáo 49 Ngày'!O22 | I26: ='📋 Báo Cáo 49 Ngày'!P22
A28: 📍 THỨ 5 (10/09/2026) - NGÀY 03 / 49
A29: STT | B29: Thành Viên | C29: Reel (Link/Ảnh) | D29: Bài Viết 1 (Link/Ảnh) | E29: Bài Viết 2 (Link/Ảnh) | F29: Bài Tập Nhóm (Link/Ảnh) | G29: Chi Tiết Ảnh Minh Chứng | H29: Hoàn Thành | I29: Đánh Giá | J29: Ghi Chú
A30: 1 | B30: Nancy | C30: ='📋 Báo Cáo 49 Ngày'!G23 | D30: ='📋 Báo Cáo 49 Ngày'!I23 | E30: ='📋 Báo Cáo 49 Ngày'!K23 | F30: ='📋 Báo Cáo 49 Ngày'!M23 | G30: =IF(COUNTIF('📋 Báo Cáo 49 Ngày'!H23:N23, "<>")>0, "🖼️ Có kèm ảnh", "—") | H30: ='📋 Báo Cáo 49 Ngày'!O23 | I30: ='📋 Báo Cáo 49 Ngày'!P23
A31: 2 | B31: Hoài Học Mãi | C31: ='📋 Báo Cáo 49 Ngày'!G24 | D31: ='📋 Báo Cáo 49 Ngày'!I24 | E31: ='📋 Báo Cáo 49 Ngày'!K24 | F31: ='📋 Báo Cáo 49 Ngày'!M24 | G31: =IF(COUNTIF('📋 Báo Cáo 49 Ngày'!H24:N24, "<>")>0, "🖼️ Có kèm ảnh", "—") | H31: ='📋 Báo Cáo 49 Ngày'!O24 | I31: ='📋 Báo Cáo 49 Ngày'!P24
A32: 3 | B32: Lambee | C32: ='📋 Báo Cáo 49 Ngày'!G25 | D32: ='📋 Báo Cáo 49 Ngày'!I25 | E32: ='📋 Báo Cáo 49 Ngày'!K25 | F32: ='📋 Báo Cáo 49 Ngày'!M25 | G32: =IF(COUNTIF('📋 Báo Cáo 49 Ngày'!H25:N25, "<>")>0, "🖼️ Có kèm ảnh", "—") | H32: ='📋 Báo Cáo 49 Ngày'!O25 | I32: ='📋 Báo Cáo 49 Ngày'!P25
A33: 4 | B33: Nhung Hoàng | C33: ='📋 Báo Cáo 49 Ngày'!G26 | D33: ='📋 Báo Cáo 49 Ngày'!I26 | E33: ='📋 Báo Cáo 49 Ngày'!K26 | F33: ='📋 Báo Cáo 49 Ngày'!M26 | G33: =IF(COUNTIF('📋 Báo Cáo 49 Ngày'!H26:N26, "<>")>0, "🖼️ Có kèm ảnh", "—") | H33: ='📋 Báo Cáo 49 Ngày'!O26 | I33: ='📋 Báo Cáo 49 Ngày'!P26
A34: 5 | B34: Quỳnh Thu | C34: ='📋 Báo Cáo 49 Ngày'!G27 | D34: ='📋 Báo Cáo 49 Ngày'!I27 | E34: ='📋 Báo Cáo 49 Ngày'!K27 | F34: ='📋 Báo Cáo 49 Ngày'!M27 | G34: =IF(COUNTIF('📋 Báo Cáo 49 Ngày'!H27:N27, "<>")>0, "🖼️ Có kèm ảnh", "—") | H34: ='📋 Báo Cáo 49 Ngày'!O27 | I34: ='📋 Báo Cáo 49 Ngày'!P27
A35: 6 | B35: TanAnh Pham | C35: ='📋 Báo Cáo 49 Ngày'!G28 | D35: ='📋 Báo Cáo 49 Ngày'!I28 | E35: ='📋 Báo Cáo 49 Ngày'!K28 | F35: ='📋 Báo Cáo 49 Ngày'!M28 | G35: =IF(COUNTIF('📋 Báo Cáo 49 Ngày'!H28:N28, "<>")>0, "🖼️ Có kèm ảnh", "—") | H35: ='📋 Báo Cáo 49 Ngày'!O28 | I35: ='📋 Báo Cáo 49 Ngày'!P28
A36: 7 | B36: Thảo Collins Edu | C36: ='📋 Báo Cáo 49 Ngày'!G29 | D36: ='📋 Báo Cáo 49 Ngày'!I29 | E36: ='📋 Báo Cáo 49 Ngày'!K29 | F36: ='📋 Báo Cáo 49 Ngày'!M29 | G36: =IF(COUNTIF('📋 Báo Cáo 49 Ngày'!H29:N29, "<>")>0, "🖼️ Có kèm ảnh", "—") | H36: ='📋 Báo Cáo 49 Ngày'!O29 | I36: ='📋 Báo Cáo 49 Ngày'!P29
A37: 8 | B37: Trần Quế Lam | C37: ='📋 Báo Cáo 49 Ngày'!G30 | D37: ='📋 Báo Cáo 49 Ngày'!I30 | E37: ='📋 Báo Cáo 49 Ngày'!K30 | F37: ='📋 Báo Cáo 49 Ngày'!M30 | G37: =IF(COUNTIF('📋 Báo Cáo 49 Ngày'!H30:N30, "<>")>0, "🖼️ Có kèm ảnh", "—") | H37: ='📋 Báo Cáo 49 Ngày'!O30 | I37: ='📋 Báo Cáo 49 Ngày'!P30
A38: 9 | B38: Phạm Huyền | C38: ='📋 Báo Cáo 49 Ngày'!G31 | D38: ='📋 Báo Cáo 49 Ngày'!I31 | E38: ='📋 Báo Cáo 49 Ngày'!K31 | F38: ='📋 Báo Cáo 49 Ngày'!M31 | G38: =IF(COUNTIF('📋 Báo Cáo 49 Ngày'!H31:N31, "<>")>0, "🖼️ Có kèm ảnh", "—") | H38: ='📋 Báo Cáo 49 Ngày'!O31 | I38: ='📋 Báo Cáo 49 Ngày'!P31
A40: 📍 THỨ 6 (11/09/2026) - NGÀY 04 / 49
A41: STT | B41: Thành Viên | C41: Reel (Link/Ảnh) | D41: Bài Viết 1 (Link/Ảnh) | E41: Bài Viết 2 (Link/Ảnh) | F41: Bài Tập Nhóm (Link/Ảnh) | G41: Chi Tiết Ảnh Minh Chứng | H41: Hoàn Thành | I41: Đánh Giá | J41: Ghi Chú
A42: 1 | B42: Nancy | C42: ='📋 Báo Cáo 49 Ngày'!G32 | D42: ='📋 Báo Cáo 49 Ngày'!I32 | E42: ='📋 Báo Cáo 49 Ngày'!K32 | F42: ='📋 Báo Cáo 49 Ngày'!M32 | G42: =IF(COUNTIF('📋 Báo Cáo 49 Ngày'!H32:N32, "<>")>0, "🖼️ Có kèm ảnh", "—") | H42: ='📋 Báo Cáo 49 Ngày'!O32 | I42: ='📋 Báo Cáo 49 Ngày'!P32
A43: 2 | B43: Hoài Học Mãi | C43: ='📋 Báo Cáo 49 Ngày'!G33 | D43: ='📋 Báo Cáo 49 Ngày'!I33 | E43: ='📋 Báo Cáo 49 Ngày'!K33 | F43: ='📋 Báo Cáo 49 Ngày'!M33 | G43: =IF(COUNTIF('📋 Báo Cáo 49 Ngày'!H33:N33, "<>")>0, "🖼️ Có kèm ảnh", "—") | H43: ='📋 Báo Cáo 49 Ngày'!O33 | I43: ='📋 Báo Cáo 49 Ngày'!P33
A44: 3 | B44: Lambee | C44: ='📋 Báo Cáo 49 Ngày'!G34 | D44: ='📋 Báo Cáo 49 Ngày'!I34 | E44: ='📋 Báo Cáo 49 Ngày'!K34 | F44: ='📋 Báo Cáo 49 Ngày'!M34 | G44: =IF(COUNTIF('📋 Báo Cáo 49 Ngày'!H34:N34, "<>")>0, "🖼️ Có kèm ảnh", "—") | H44: ='📋 Báo Cáo 49 Ngày'!O34 | I44: ='📋 Báo Cáo 49 Ngày'!P34
A45: 4 | B45: Nhung Hoàng | C45: ='📋 Báo Cáo 49 Ngày'!G35 | D45: ='📋 Báo Cáo 49 Ngày'!I35 | E45: ='📋 Báo Cáo 49 Ngày'!K35 | F45: ='📋 Báo Cáo 49 Ngày'!M35 | G45: =IF(COUNTIF('📋 Báo Cáo 49 Ngày'!H35:N35, "<>")>0, "🖼️ Có kèm ảnh", "—") | H45: ='📋 Báo Cáo 49 Ngày'!O35 | I45: ='📋 Báo Cáo 49 Ngày'!P35
A46: 5 | B46: Quỳnh Thu | C46: ='📋 Báo Cáo 49 Ngày'!G36 | D46: ='📋 Báo Cáo 49 Ngày'!I36 | E46: ='📋 Báo Cáo 49 Ngày'!K36 | F46: ='📋 Báo Cáo 49 Ngày'!M36 | G46: =IF(COUNTIF('📋 Báo Cáo 49 Ngày'!H36:N36, "<>")>0, "🖼️ Có kèm ảnh", "—") | H46: ='📋 Báo Cáo 49 Ngày'!O36 | I46: ='📋 Báo Cáo 49 Ngày'!P36
A47: 6 | B47: TanAnh Pham | C47: ='📋 Báo Cáo 49 Ngày'!G37 | D47: ='📋 Báo Cáo 49 Ngày'!I37 | E47: ='📋 Báo Cáo 49 Ngày'!K37 | F47: ='📋 Báo Cáo 49 Ngày'!M37 | G47: =IF(COUNTIF('📋 Báo Cáo 49 Ngày'!H37:N37, "<>")>0, "🖼️ Có kèm ảnh", "—") | H47: ='📋 Báo Cáo 49 Ngày'!O37 | I47: ='📋 Báo Cáo 49 Ngày'!P37
A48: 7 | B48: Thảo Collins Edu | C48: ='📋 Báo Cáo 49 Ngày'!G38 | D48: ='📋 Báo Cáo 49 Ngày'!I38 | E48: ='📋 Báo Cáo 49 Ngày'!K38 | F48: ='📋 Báo Cáo 49 Ngày'!M38 | G48: =IF(COUNTIF('📋 Báo Cáo 49 Ngày'!H38:N38, "<>")>0, "🖼️ Có kèm ảnh", "—") | H48: ='📋 Báo Cáo 49 Ngày'!O38 | I48: ='📋 Báo Cáo 49 Ngày'!P38
A49: 8 | B49: Trần Quế Lam | C49: ='📋 Báo Cáo 49 Ngày'!G39 | D49: ='📋 Báo Cáo 49 Ngày'!I39 | E49: ='📋 Báo Cáo 49 Ngày'!K39 | F49: ='📋 Báo Cáo 49 Ngày'!M39 | G49: =IF(COUNTIF('📋 Báo Cáo 49 Ngày'!H39:N39, "<>")>0, "🖼️ Có kèm ảnh", "—") | H49: ='📋 Báo Cáo 49 Ngày'!O39 | I49: ='📋 Báo Cáo 49 Ngày'!P39
A50: 9 | B50: Phạm Huyền | C50: ='📋 Báo Cáo 49 Ngày'!G40 | D50: ='📋 Báo Cáo 49 Ngày'!I40 | E50: ='📋 Báo Cáo 49 Ngày'!K40 | F50: ='📋 Báo Cáo 49 Ngày'!M40 | G50: =IF(COUNTIF('📋 Báo Cáo 49 Ngày'!H40:N40, "<>")>0, "🖼️ Có kèm ảnh", "—") | H50: ='📋 Báo Cáo 49 Ngày'!O40 | I50: ='📋 Báo Cáo 49 Ngày'!P40
A52: 📍 THỨ 7 (12/09/2026) - NGÀY 05 / 49
A53: STT | B53: Thành Viên | C53: Reel (Link/Ảnh) | D53: Bài Viết 1 (Link/Ảnh) | E53: Bài Viết 2 (Link/Ảnh) | F53: Bài Tập Nhóm (Link/Ảnh) | G53: Chi Tiết Ảnh Minh Chứng | H53: Hoàn Thành | I53: Đánh Giá | J53: Ghi Chú
A54: 1 | B54: Nancy | C54: ='📋 Báo Cáo 49 Ngày'!G41 | D54: ='📋 Báo Cáo 49 Ngày'!I41 | E54: ='📋 Báo Cáo 49 Ngày'!K41 | F54: ='📋 Báo Cáo 49 Ngày'!M41 | G54: =IF(COUNTIF('📋 Báo Cáo 49 Ngày'!H41:N41, "<>")>0, "🖼️ Có kèm ảnh", "—") | H54: ='📋 Báo Cáo 49 Ngày'!O41 | I54: ='📋 Báo Cáo 49 Ngày'!P41
A55: 2 | B55: Hoài Học Mãi | C55: ='📋 Báo Cáo 49 Ngày'!G42 | D55: ='📋 Báo Cáo 49 Ngày'!I42 | E55: ='📋 Báo Cáo 49 Ngày'!K42 | F55: ='📋 Báo Cáo 49 Ngày'!M42 | G55: =IF(COUNTIF('📋 Báo Cáo 49 Ngày'!H42:N42, "<>")>0, "🖼️ Có kèm ảnh", "—") | H55: ='📋 Báo Cáo 49 Ngày'!O42 | I55: ='📋 Báo Cáo 49 Ngày'!P42
A56: 3 | B56: Lambee | C56: ='📋 Báo Cáo 49 Ngày'!G43 | D56: ='📋 Báo Cáo 49 Ngày'!I43 | E56: ='📋 Báo Cáo 49 Ngày'!K43 | F56: ='📋 Báo Cáo 49 Ngày'!M43 | G56: =IF(COUNTIF('📋 Báo Cáo 49 Ngày'!H43:N43, "<>")>0, "🖼️ Có kèm ảnh", "—") | H56: ='📋 Báo Cáo 49 Ngày'!O43 | I56: ='📋 Báo Cáo 49 Ngày'!P43
A57: 4 | B57: Nhung Hoàng | C57: ='📋 Báo Cáo 49 Ngày'!G44 | D57: ='📋 Báo Cáo 49 Ngày'!I44 | E57: ='📋 Báo Cáo 49 Ngày'!K44 | F57: ='📋 Báo Cáo 49 Ngày'!M44 | G57: =IF(COUNTIF('📋 Báo Cáo 49 Ngày'!H44:N44, "<>")>0, "🖼️ Có kèm ảnh", "—") | H57: ='📋 Báo Cáo 49 Ngày'!O44 | I57: ='📋 Báo Cáo 49 Ngày'!P44
A58: 5 | B58: Quỳnh Thu | C58: ='📋 Báo Cáo 49 Ngày'!G45 | D58: ='📋 Báo Cáo 49 Ngày'!I45 | E58: ='📋 Báo Cáo 49 Ngày'!K45 | F58: ='📋 Báo Cáo 49 Ngày'!M45 | G58: =IF(COUNTIF('📋 Báo Cáo 49 Ngày'!H45:N45, "<>")>0, "🖼️ Có kèm ảnh", "—") | H58: ='📋 Báo Cáo 49 Ngày'!O45 | I58: ='📋 Báo Cáo 49 Ngày'!P45
A59: 6 | B59: TanAnh Pham | C59: ='📋 Báo Cáo 49 Ngày'!G46 | D59: ='📋 Báo Cáo 49 Ngày'!I46 | E59: ='📋 Báo Cáo 49 Ngày'!K46 | F59: ='📋 Báo Cáo 49 Ngày'!M46 | G59: =IF(COUNTIF('📋 Báo Cáo 49 Ngày'!H46:N46, "<>")>0, "🖼️ Có kèm ảnh", "—") | H59: ='📋 Báo Cáo 49 Ngày'!O46 | I59: ='📋 Báo Cáo 49 Ngày'!P46
A60: 7 | B60: Thảo Collins Edu | C60: ='📋 Báo Cáo 49 Ngày'!G47 | D60: ='📋 Báo Cáo 49 Ngày'!I47 | E60: ='📋 Báo Cáo 49 Ngày'!K47 | F60: ='📋 Báo Cáo 49 Ngày'!M47 | G60: =IF(COUNTIF('📋 Báo Cáo 49 Ngày'!H47:N47, "<>")>0, "🖼️ Có kèm ảnh", "—") | H60: ='📋 Báo Cáo 49 Ngày'!O47 | I60: ='📋 Báo Cáo 49 Ngày'!P47
A61: 8 | B61: Trần Quế Lam | C61: ='📋 Báo Cáo 49 Ngày'!G48 | D61: ='📋 Báo Cáo 49 Ngày'!I48 | E61: ='📋 Báo Cáo 49 Ngày'!K48 | F61: ='📋 Báo Cáo 49 Ngày'!M48 | G61: =IF(COUNTIF('📋 Báo Cáo 49 Ngày'!H48:N48, "<>")>0, "🖼️ Có kèm ảnh", "—") | H61: ='📋 Báo Cáo 49 Ngày'!O48 | I61: ='📋 Báo Cáo 49 Ngày'!P48
A62: 9 | B62: Phạm Huyền | C62: ='📋 Báo Cáo 49 Ngày'!G49 | D62: ='📋 Báo Cáo 49 Ngày'!I49 | E62: ='📋 Báo Cáo 49 Ngày'!K49 | F62: ='📋 Báo Cáo 49 Ngày'!M49 | G62: =IF(COUNTIF('📋 Báo Cáo 49 Ngày'!H49:N49, "<>")>0, "🖼️ Có kèm ảnh", "—") | H62: ='📋 Báo Cáo 49 Ngày'!O49 | I62: ='📋 Báo Cáo 49 Ngày'!P49
A64: 📍 CHỦ NHẬT (13/09/2026) - NGÀY 06 / 49
A65: STT | B65: Thành Viên | C65: Reel (Link/Ảnh) | D65: Bài Viết 1 (Link/Ảnh) | E65: Bài Viết 2 (Link/Ảnh) | F65: Bài Tập Nhóm (Link/Ảnh) | G65: Chi Tiết Ảnh Minh Chứng | H65: Hoàn Thành | I65: Đánh Giá | J65: Ghi Chú
A66: 1 | B66: Nancy | C66: ='📋 Báo Cáo 49 Ngày'!G50 | D66: ='📋 Báo Cáo 49 Ngày'!I50 | E66: ='📋 Báo Cáo 49 Ngày'!K50 | F66: ='📋 Báo Cáo 49 Ngày'!M50 | G66: =IF(COUNTIF('📋 Báo Cáo 49 Ngày'!H50:N50, "<>")>0, "🖼️ Có kèm ảnh", "—") | H66: ='📋 Báo Cáo 49 Ngày'!O50 | I66: ='📋 Báo Cáo 49 Ngày'!P50
A67: 2 | B67: Hoài Học Mãi | C67: ='📋 Báo Cáo 49 Ngày'!G51 | D67: ='📋 Báo Cáo 49 Ngày'!I51 | E67: ='📋 Báo Cáo 49 Ngày'!K51 | F67: ='📋 Báo Cáo 49 Ngày'!M51 | G67: =IF(COUNTIF('📋 Báo Cáo 49 Ngày'!H51:N51, "<>")>0, "🖼️ Có kèm ảnh", "—") | H67: ='📋 Báo Cáo 49 Ngày'!O51 | I67: ='📋 Báo Cáo 49 Ngày'!P51
A68: 3 | B68: Lambee | C68: ='📋 Báo Cáo 49 Ngày'!G52 | D68: ='📋 Báo Cáo 49 Ngày'!I52 | E68: ='📋 Báo Cáo 49 Ngày'!K52 | F68: ='📋 Báo Cáo 49 Ngày'!M52 | G68: =IF(COUNTIF('📋 Báo Cáo 49 Ngày'!H52:N52, "<>")>0, "🖼️ Có kèm ảnh", "—") | H68: ='📋 Báo Cáo 49 Ngày'!O52 | I68: ='📋 Báo Cáo 49 Ngày'!P52
A69: 4 | B69: Nhung Hoàng | C69: ='📋 Báo Cáo 49 Ngày'!G53 | D69: ='📋 Báo Cáo 49 Ngày'!I53 | E69: ='📋 Báo Cáo 49 Ngày'!K53 | F69: ='📋 Báo Cáo 49 Ngày'!M53 | G69: =IF(COUNTIF('📋 Báo Cáo 49 Ngày'!H53:N53, "<>")>0, "🖼️ Có kèm ảnh", "—") | H69: ='📋 Báo Cáo 49 Ngày'!O53 | I69: ='📋 Báo Cáo 49 Ngày'!P53
A70: 5 | B70: Quỳnh Thu | C70: ='📋 Báo Cáo 49 Ngày'!G54 | D70: ='📋 Báo Cáo 49 Ngày'!I54 | E70: ='📋 Báo Cáo 49 Ngày'!K54 | F70: ='📋 Báo Cáo 49 Ngày'!M54 | G70: =IF(COUNTIF('📋 Báo Cáo 49 Ngày'!H54:N54, "<>")>0, "🖼️ Có kèm ảnh", "—") | H70: ='📋 Báo Cáo 49 Ngày'!O54 | I70: ='📋 Báo Cáo 49 Ngày'!P54
A71: 6 | B71: TanAnh Pham | C71: ='📋 Báo Cáo 49 Ngày'!G55 | D71: ='📋 Báo Cáo 49 Ngày'!I55 | E71: ='📋 Báo Cáo 49 Ngày'!K55 | F71: ='📋 Báo Cáo 49 Ngày'!M55 | G71: =IF(COUNTIF('📋 Báo Cáo 49 Ngày'!H55:N55, "<>")>0, "🖼️ Có kèm ảnh", "—") | H71: ='📋 Báo Cáo 49 Ngày'!O55 | I71: ='📋 Báo Cáo 49 Ngày'!P55
A72: 7 | B72: Thảo Collins Edu | C72: ='📋 Báo Cáo 49 Ngày'!G56 | D72: ='📋 Báo Cáo 49 Ngày'!I56 | E72: ='📋 Báo Cáo 49 Ngày'!K56 | F72: ='📋 Báo Cáo 49 Ngày'!M56 | G72: =IF(COUNTIF('📋 Báo Cáo 49 Ngày'!H56:N56, "<>")>0, "🖼️ Có kèm ảnh", "—") | H72: ='📋 Báo Cáo 49 Ngày'!O56 | I72: ='📋 Báo Cáo 49 Ngày'!P56
A73: 8 | B73: Trần Quế Lam | C73: ='📋 Báo Cáo 49 Ngày'!G57 | D73: ='📋 Báo Cáo 49 Ngày'!I57 | E73: ='📋 Báo Cáo 49 Ngày'!K57 | F73: ='📋 Báo Cáo 49 Ngày'!M57 | G73: =IF(COUNTIF('📋 Báo Cáo 49 Ngày'!H57:N57, "<>")>0, "🖼️ Có kèm ảnh", "—") | H73: ='📋 Báo Cáo 49 Ngày'!O57 | I73: ='📋 Báo Cáo 49 Ngày'!P57
A74: 9 | B74: Phạm Huyền | C74: ='📋 Báo Cáo 49 Ngày'!G58 | D74: ='📋 Báo Cáo 49 Ngày'!I58 | E74: ='📋 Báo Cáo 49 Ngày'!K58 | F74: ='📋 Báo Cáo 49 Ngày'!M58 | G74: =IF(COUNTIF('📋 Báo Cáo 49 Ngày'!H58:N58, "<>")>0, "🖼️ Có kèm ảnh", "—") | H74: ='📋 Báo Cáo 49 Ngày'!O58 | I74: ='📋 Báo Cáo 49 Ngày'!P58
A76: 📍 THỨ 2 (14/09/2026) - NGÀY 07 / 49
A77: STT | B77: Thành Viên | C77: Reel (Link/Ảnh) | D77: Bài Viết 1 (Link/Ảnh) | E77: Bài Viết 2 (Link/Ảnh) | F77: Bài Tập Nhóm (Link/Ảnh) | G77: Chi Tiết Ảnh Minh Chứng | H77: Hoàn Thành | I77: Đánh Giá | J77: Ghi Chú
A78: 1 | B78: Nancy | C78: ='📋 Báo Cáo 49 Ngày'!G59 | D78: ='📋 Báo Cáo 49 Ngày'!I59 | E78: ='📋 Báo Cáo 49 Ngày'!K59 | F78: ='📋 Báo Cáo 49 Ngày'!M59 | G78: =IF(COUNTIF('📋 Báo Cáo 49 Ngày'!H59:N59, "<>")>0, "🖼️ Có kèm ảnh", "—") | H78: ='📋 Báo Cáo 49 Ngày'!O59 | I78: ='📋 Báo Cáo 49 Ngày'!P59
A79: 2 | B79: Hoài Học Mãi | C79: ='📋 Báo Cáo 49 Ngày'!G60 | D79: ='📋 Báo Cáo 49 Ngày'!I60 | E79: ='📋 Báo Cáo 49 Ngày'!K60 | F79: ='📋 Báo Cáo 49 Ngày'!M60 | G79: =IF(COUNTIF('📋 Báo Cáo 49 Ngày'!H60:N60, "<>")>0, "🖼️ Có kèm ảnh", "—") | H79: ='📋 Báo Cáo 49 Ngày'!O60 | I79: ='📋 Báo Cáo 49 Ngày'!P60
A80: 3 | B80: Lambee | C80: ='📋 Báo Cáo 49 Ngày'!G61 | D80: ='📋 Báo Cáo 49 Ngày'!I61 | E80: ='📋 Báo Cáo 49 Ngày'!K61 | F80: ='📋 Báo Cáo 49 Ngày'!M61 | G80: =IF(COUNTIF('📋 Báo Cáo 49 Ngày'!H61:N61, "<>")>0, "🖼️ Có kèm ảnh", "—") | H80: ='📋 Báo Cáo 49 Ngày'!O61 | I80: ='📋 Báo Cáo 49 Ngày'!P61
A81: 4 | B81: Nhung Hoàng | C81: ='📋 Báo Cáo 49 Ngày'!G62 | D81: ='📋 Báo Cáo 49 Ngày'!I62 | E81: ='📋 Báo Cáo 49 Ngày'!K62 | F81: ='📋 Báo Cáo 49 Ngày'!M62 | G81: =IF(COUNTIF('📋 Báo Cáo 49 Ngày'!H62:N62, "<>")>0, "🖼️ Có kèm ảnh", "—") | H81: ='📋 Báo Cáo 49 Ngày'!O62 | I81: ='📋 Báo Cáo 49 Ngày'!P62
A82: 5 | B82: Quỳnh Thu | C82: ='📋 Báo Cáo 49 Ngày'!G63 | D82: ='📋 Báo Cáo 49 Ngày'!I63 | E82: ='📋 Báo Cáo 49 Ngày'!K63 | F82: ='📋 Báo Cáo 49 Ngày'!M63 | G82: =IF(COUNTIF('📋 Báo Cáo 49 Ngày'!H63:N63, "<>")>0, "🖼️ Có kèm ảnh", "—") | H82: ='📋 Báo Cáo 49 Ngày'!O63 | I82: ='📋 Báo Cáo 49 Ngày'!P63
A83: 6 | B83: TanAnh Pham | C83: ='📋 Báo Cáo 49 Ngày'!G64 | D83: ='📋 Báo Cáo 49 Ngày'!I64 | E83: ='📋 Báo Cáo 49 Ngày'!K64 | F83: ='📋 Báo Cáo 49 Ngày'!M64 | G83: =IF(COUNTIF('📋 Báo Cáo 49 Ngày'!H64:N64, "<>")>0, "🖼️ Có kèm ảnh", "—") | H83: ='📋 Báo Cáo 49 Ngày'!O64 | I83: ='📋 Báo Cáo 49 Ngày'!P64
A84: 7 | B84: Thảo Collins Edu | C84: ='📋 Báo Cáo 49 Ngày'!G65 | D84: ='📋 Báo Cáo 49 Ngày'!I65 | E84: ='📋 Báo Cáo 49 Ngày'!K65 | F84: ='📋 Báo Cáo 49 Ngày'!M65 | G84: =IF(COUNTIF('📋 Báo Cáo 49 Ngày'!H65:N65, "<>")>0, "🖼️ Có kèm ảnh", "—") | H84: ='📋 Báo Cáo 49 Ngày'!O65 | I84: ='📋 Báo Cáo 49 Ngày'!P65
A85: 8 | B85: Trần Quế Lam | C85: ='📋 Báo Cáo 49 Ngày'!G66 | D85: ='📋 Báo Cáo 49 Ngày'!I66 | E85: ='📋 Báo Cáo 49 Ngày'!K66 | F85: ='📋 Báo Cáo 49 Ngày'!M66 | G85: =IF(COUNTIF('📋 Báo Cáo 49 Ngày'!H66:N66, "<>")>0, "🖼️ Có kèm ảnh", "—") | H85: ='📋 Báo Cáo 49 Ngày'!O66 | I85: ='📋 Báo Cáo 49 Ngày'!P66
A86: 9 | B86: Phạm Huyền | C86: ='📋 Báo Cáo 49 Ngày'!G67 | D86: ='📋 Báo Cáo 49 Ngày'!I67 | E86: ='📋 Báo Cáo 49 Ngày'!K67 | F86: ='📋 Báo Cáo 49 Ngày'!M67 | G86: =IF(COUNTIF('📋 Báo Cáo 49 Ngày'!H67:N67, "<>")>0, "🖼️ Có kèm ảnh", "—") | H86: ='📋 Báo Cáo 49 Ngày'!O67 | I86: ='📋 Báo Cáo 49 Ngày'!P67

Sheet Tuần 2
A1: 📅 TUẦN 2 (15/09 - 21/09/2026) - BÁO CÁO 9 THÀNH VIÊN
A4: 📍 THỨ 3 (15/09/2026) - NGÀY 08 / 49
A5: STT | B5: Thành Viên | C5: Reel (Link/Ảnh) | D5: Bài Viết 1 (Link/Ảnh) | E5: Bài Viết 2 (Link/Ảnh) | F5: Bài Tập Nhóm (Link/Ảnh) | G5: Chi Tiết Ảnh Minh Chứng | H5: Hoàn Thành | I5: Đánh Giá | J5: Ghi Chú
A6: 1 | B6: Nancy | C6: ='📋 Báo Cáo 49 Ngày'!G68 | D6: ='📋 Báo Cáo 49 Ngày'!I68 | E6: ='📋 Báo Cáo 49 Ngày'!K68 | F6: ='📋 Báo Cáo 49 Ngày'!M68 | G6: =IF(COUNTIF('📋 Báo Cáo 49 Ngày'!H68:N68, "<>")>0, "🖼️ Có kèm ảnh", "—") | H6: ='📋 Báo Cáo 49 Ngày'!O68 | I6: ='📋 Báo Cáo 49 Ngày'!P68
A7: 2 | B7: Hoài Học Mãi | C7: ='📋 Báo Cáo 49 Ngày'!G69 | D7: ='📋 Báo Cáo 49 Ngày'!I69 | E7: ='📋 Báo Cáo 49 Ngày'!K69 | F7: ='📋 Báo Cáo 49 Ngày'!M69 | G7: =IF(COUNTIF('📋 Báo Cáo 49 Ngày'!H69:N69, "<>")>0, "🖼️ Có kèm ảnh", "—") | H7: ='📋 Báo Cáo 49 Ngày'!O69 | I7: ='📋 Báo Cáo 49 Ngày'!P69
A8: 3 | B8: Lambee | C8: ='📋 Báo Cáo 49 Ngày'!G70 | D8: ='📋 Báo Cáo 49 Ngày'!I70 | E8: ='📋 Báo Cáo 49 Ngày'!K70 | F8: ='📋 Báo Cáo 49 Ngày'!M70 | G8: =IF(COUNTIF('📋 Báo Cáo 49 Ngày'!H70:N70, "<>")>0, "🖼️ Có kèm ảnh", "—") | H8: ='📋 Báo Cáo 49 Ngày'!O70 | I8: ='📋 Báo Cáo 49 Ngày'!P70
A9: 4 | B9: Nhung Hoàng | C9: ='📋 Báo Cáo 49 Ngày'!G71 | D9: ='📋 Báo Cáo 49 Ngày'!I71 | E9: ='📋 Báo Cáo 49 Ngày'!K71 | F9: ='📋 Báo Cáo 49 Ngày'!M71 | G9: =IF(COUNTIF('📋 Báo Cáo 49 Ngày'!H71:N71, "<>")>0, "🖼️ Có kèm ảnh", "—") | H9: ='📋 Báo Cáo 49 Ngày'!O71 | I9: ='📋 Báo Cáo 49 Ngày'!P71
A10: 5 | B10: Quỳnh Thu | C10: ='📋 Báo Cáo 49 Ngày'!G72 | D10: ='📋 Báo Cáo 49 Ngày'!I72 | E10: ='📋 Báo Cáo 49 Ngày'!K72 | F10: ='📋 Báo Cáo 49 Ngày'!M72 | G10: =IF(COUNTIF('📋 Báo Cáo 49 Ngày'!H72:N72, "<>")>0, "🖼️ Có kèm ảnh", "—") | H10: ='📋 Báo Cáo 49 Ngày'!O72 | I10: ='📋 Báo Cáo 49 Ngày'!P72
A11: 6 | B11: TanAnh Pham | C11: ='📋 Báo Cáo 49 Ngày'!G73 | D11: ='📋 Báo Cáo 49 Ngày'!I73 | E11: ='📋 Báo Cáo 49 Ngày'!K73 | F11: ='📋 Báo Cáo 49 Ngày'!M73 | G11: =IF(COUNTIF('📋 Báo Cáo 49 Ngày'!H73:N73, "<>")>0, "🖼️ Có kèm ảnh", "—") | H11: ='📋 Báo Cáo 49 Ngày'!O73 | I11: ='📋 Báo Cáo 49 Ngày'!P73
A12: 7 | B12: Thảo Collins Edu | C12: ='📋 Báo Cáo 49 Ngày'!G74 | D12: ='📋 Báo Cáo 49 Ngày'!I74 | E12: ='📋 Báo Cáo 49 Ngày'!K74 | F12: ='📋 Báo Cáo 49 Ngày'!M74 | G12: =IF(COUNTIF('📋 Báo Cáo 49 Ngày'!H74:N74, "<>")>0, "🖼️ Có kèm ảnh", "—") | H12: ='📋 Báo Cáo 49 Ngày'!O74 | I12: ='📋 Báo Cáo 49 Ngày'!P74
A13: 8 | B13: Trần Quế Lam | C13: ='📋 Báo Cáo 49 Ngày'!G75 | D13: ='📋 Báo Cáo 49 Ngày'!I75 | E13: ='📋 Báo Cáo 49 Ngày'!K75 | F13: ='📋 Báo Cáo 49 Ngày'!M75 | G13: =IF(COUNTIF('📋 Báo Cáo 49 Ngày'!H75:N75, "<>")>0, "🖼️ Có kèm ảnh", "—") | H13: ='📋 Báo Cáo 49 Ngày'!O75 | I13: ='📋 Báo Cáo 49 Ngày'!P75
A14: 9 | B14: Phạm Huyền | C14: ='📋 Báo Cáo 49 Ngày'!G76 | D14: ='📋 Báo Cáo 49 Ngày'!I76 | E14: ='📋 Báo Cáo 49 Ngày'!K76 | F14: ='📋 Báo Cáo 49 Ngày'!M76 | G14: =IF(COUNTIF('📋 Báo Cáo 49 Ngày'!H76:N76, "<>")>0, "🖼️ Có kèm ảnh", "—") | H14: ='📋 Báo Cáo 49 Ngày'!O76 | I14: ='📋 Báo Cáo 49 Ngày'!P76
A16: 📍 THỨ 4 (16/09/2026) - NGÀY 09 / 49
A17: STT | B17: Thành Viên | C17: Reel (Link/Ảnh) | D17: Bài Viết 1 (Link/Ảnh) | E17: Bài Viết 2 (Link/Ảnh) | F17: Bài Tập Nhóm (Link/Ảnh) | G17: Chi Tiết Ảnh Minh Chứng | H17: Hoàn Thành | I17: Đánh Giá | J17: Ghi Chú
A18: 1 | B18: Nancy | C18: ='📋 Báo Cáo 49 Ngày'!G77 | D18: ='📋 Báo Cáo 49 Ngày'!I77 | E18: ='📋 Báo Cáo 49 Ngày'!K77 | F18: ='📋 Báo Cáo 49 Ngày'!M77 | G18: =IF(COUNTIF('📋 Báo Cáo 49 Ngày'!H77:N77, "<>")>0, "🖼️ Có kèm ảnh", "—") | H18: ='📋 Báo Cáo 49 Ngày'!O77 | I18: ='📋 Báo Cáo 49 Ngày'!P77
A19: 2 | B19: Hoài Học Mãi | C19: ='📋 Báo Cáo 49 Ngày'!G78 | D19: ='📋 Báo Cáo 49 Ngày'!I78 | E19: ='📋 Báo Cáo 49 Ngày'!K78 | F19: ='📋 Báo Cáo 49 Ngày'!M78 | G19: =IF(COUNTIF('📋 Báo Cáo 49 Ngày'!H78:N78, "<>")>0, "🖼️ Có kèm ảnh", "—") | H19: ='📋 Báo Cáo 49 Ngày'!O78 | I19: ='📋 Báo Cáo 49 Ngày'!P78
A20: 3 | B20: Lambee | C20: ='📋 Báo Cáo 49 Ngày'!G79 | D20: ='📋 Báo Cáo 49 Ngày'!I79 | E20: ='📋 Báo Cáo 49 Ngày'!K79 | F20: ='📋 Báo Cáo 49 Ngày'!M79 | G20: =IF(COUNTIF('📋 Báo Cáo 49 Ngày'!H79:N79, "<>")>0, "🖼️ Có kèm ảnh", "—") | H20: ='📋 Báo Cáo 49 Ngày'!O79 | I20: ='📋 Báo Cáo 49 Ngày'!P79
A21: 4 | B21: Nhung Hoàng | C21: ='📋 Báo Cáo 49 Ngày'!G80 | D21: ='📋 Báo Cáo 49 Ngày'!I80 | E21: ='📋 Báo Cáo 49 Ngày'!K80 | F21: ='📋 Báo Cáo 49 Ngày'!M80 | G21: =IF(COUNTIF('📋 Báo Cáo 49 Ngày'!H80:N80, "<>")>0, "🖼️ Có kèm ảnh", "—") | H21: ='📋 Báo Cáo 49 Ngày'!O80 | I21: ='📋 Báo Cáo 49 Ngày'!P80
A22: 5 | B22: Quỳnh Thu | C22: ='📋 Báo Cáo 49 Ngày'!G81 | D22: ='📋 Báo Cáo 49 Ngày'!I81 | E22: ='📋 Báo Cáo 49 Ngày'!K81 | F22: ='📋 Báo Cáo 49 Ngày'!M81 | G22: =IF(COUNTIF('📋 Báo Cáo 49 Ngày'!H81:N81, "<>")>0, "🖼️ Có kèm ảnh", "—") | H22: ='📋 Báo Cáo 49 Ngày'!O81 | I22: ='📋 Báo Cáo 49 Ngày'!P81
A23: 6 | B23: TanAnh Pham | C23: ='📋 Báo Cáo 49 Ngày'!G82 | D23: ='📋 Báo Cáo 49 Ngày'!I82 | E23: ='📋 Báo Cáo 49 Ngày'!K82 | F23: ='📋 Báo Cáo 49 Ngày'!M82 | G23: =IF(COUNTIF('📋 Báo Cáo 49 Ngày'!H82:N82, "<>")>0, "🖼️ Có kèm ảnh", "—") | H23: ='📋 Báo Cáo 49 Ngày'!O82 | I23: ='📋 Báo Cáo 49 Ngày'!P82
A24: 7 | B24: Thảo Collins Edu | C24: ='📋 Báo Cáo 49 Ngày'!G83 | D24: ='📋 Báo Cáo 49 Ngày'!I83 | E24: ='📋 Báo Cáo 49 Ngày'!K83 | F24: ='📋 Báo Cáo 49 Ngày'!M83 | G24: =IF(COUNTIF('📋 Báo Cáo 49 Ngày'!H83:N83, "<>")>0, "🖼️ Có kèm ảnh", "—") | H24: ='📋 Báo Cáo 49 Ngày'!O83 | I24: ='📋 Báo Cáo 49 Ngày'!P83
A25: 8 | B25: Trần Quế Lam | C25: ='📋 Báo Cáo 49 Ngày'!G84 | D25: ='📋 Báo Cáo 49 Ngày'!I84 | E25: ='📋 Báo Cáo 49 Ngày'!K84 | F25: ='📋 Báo Cáo 49 Ngày'!M84 | G25: =IF(COUNTIF('📋 Báo Cáo 49 Ngày'!H84:N84, "<>")>0, "🖼️ Có kèm ảnh", "—") | H25: ='📋 Báo Cáo 49 Ngày'!O84 | I25: ='📋 Báo Cáo 49 Ngày'!P84
A26: 9 | B26: Phạm Huyền | C26: ='📋 Báo Cáo 49 Ngày'!G85 | D26: ='📋 Báo Cáo 49 Ngày'!I85 | E26: ='📋 Báo Cáo 49 Ngày'!K85 | F26: ='📋 Báo Cáo 49 Ngày'!M85 | G26: =IF(COUNTIF('📋 Báo Cáo 49 Ngày'!H85:N85, "<>")>0, "🖼️ Có kèm ảnh", "—") | H26: ='📋 Báo Cáo 49 Ngày'!O85 | I26: ='📋 Báo Cáo 49 Ngày'!P85
A28: 📍 THỨ 5 (17/09/2026) - NGÀY 10 / 49
A29: STT | B29: Thành Viên | C29: Reel (Link/Ảnh) | D29: Bài Viết 1 (Link/Ảnh) | E29: Bài Viết 2 (Link/Ảnh) | F29: Bài Tập Nhóm (Link/Ảnh) | G29: Chi Tiết Ảnh Minh Chứng | H29: Hoàn Thành | I29: Đánh Giá | J29: Ghi Chú
A30: 1 | B30: Nancy | C30: ='📋 Báo Cáo 49 Ngày'!G86 | D30: ='📋 Báo Cáo 49 Ngày'!I86 | E30: ='📋 Báo Cáo 49 Ngày'!K86 | F30: ='📋 Báo Cáo 49 Ngày'!M86 | G30: =IF(COUNTIF('📋 Báo Cáo 49 Ngày'!H86:N86, "<>")>0, "🖼️ Có kèm ảnh", "—") | H30: ='📋 Báo Cáo 49 Ngày'!O86 | I30: ='📋 Báo Cáo 49 Ngày'!P86
A31: 2 | B31: Hoài Học Mãi | C31: ='📋 Báo Cáo 49 Ngày'!G87 | D31: ='📋 Báo Cáo 49 Ngày'!I87 | E31: ='📋 Báo Cáo 49 Ngày'!K87 | F31: ='📋 Báo Cáo 49 Ngày'!M87 | G31: =IF(COUNTIF('📋 Báo Cáo 49 Ngày'!H87:N87, "<>")>0, "🖼️ Có kèm ảnh", "—") | H31: ='📋 Báo Cáo 49 Ngày'!O87 | I31: ='📋 Báo Cáo 49 Ngày'!P87
A32: 3 | B32: Lambee | C32: ='📋 Báo Cáo 49 Ngày'!G88 | D32: ='📋 Báo Cáo 49 Ngày'!I88 | E32: ='📋 Báo Cáo 49 Ngày'!K88 | F32: ='📋 Báo Cáo 49 Ngày'!M88 | G32: =IF(COUNTIF('📋 Báo Cáo 49 Ngày'!H88:N88, "<>")>0, "🖼️ Có kèm ảnh", "—") | H32: ='📋 Báo Cáo 49 Ngày'!O88 | I32: ='📋 Báo Cáo 49 Ngày'!P88
A33: 4 | B33: Nhung Hoàng | C33: ='📋 Báo Cáo 49 Ngày'!G89 | D33: ='📋 Báo Cáo 49 Ngày'!I89 | E33: ='📋 Báo Cáo 49 Ngày'!K89 | F33: ='📋 Báo Cáo 49 Ngày'!M89 | G33: =IF(COUNTIF('📋 Báo Cáo 49 Ngày'!H89:N89, "<>")>0, "🖼️ Có kèm ảnh", "—") | H33: ='📋 Báo Cáo 49 Ngày'!O89 | I33: ='📋 Báo Cáo 49 Ngày'!P89
A34: 5 | B34: Quỳnh Thu | C34: ='📋 Báo Cáo 49 Ngày'!G90 | D34: ='📋 Báo Cáo 49 Ngày'!I90 | E34: ='📋 Báo Cáo 49 Ngày'!K90 | F34: ='📋 Báo Cáo 49 Ngày'!M90 | G34: =IF(COUNTIF('📋 Báo Cáo 49 Ngày'!H90:N90, "<>")>0, "🖼️ Có kèm ảnh", "—") | H34: ='📋 Báo Cáo 49 Ngày'!O90 | I34: ='📋 Báo Cáo 49 Ngày'!P90
A35: 6 | B35: TanAnh Pham | C35: ='📋 Báo Cáo 49 Ngày'!G91 | D35: ='📋 Báo Cáo 49 Ngày'!I91 | E35: ='📋 Báo Cáo 49 Ngày'!K91 | F35: ='📋 Báo Cáo 49 Ngày'!M91 | G35: =IF(COUNTIF('📋 Báo Cáo 49 Ngày'!H91:N91, "<>")>0, "🖼️ Có kèm ảnh", "—") | H35: ='📋 Báo Cáo 49 Ngày'!O91 | I35: ='📋 Báo Cáo 49 Ngày'!P91
A36: 7 | B36: Thảo Collins Edu | C36: ='📋 Báo Cáo 49 Ngày'!G92 | D36: ='📋 Báo Cáo 49 Ngày'!I92 | E36: ='📋 Báo Cáo 49 Ngày'!K92 | F36: ='📋 Báo Cáo 49 Ngày'!M92 | G36: =IF(COUNTIF('📋 Báo Cáo 49 Ngày'!H92:N92, "<>")>0, "🖼️ Có kèm ảnh", "—") | H36: ='📋 Báo Cáo 49 Ngày'!O92 | I36: ='📋 Báo Cáo 49 Ngày'!P92
A37: 8 | B37: Trần Quế Lam | C37: ='📋 Báo Cáo 49 Ngày'!G93 | D37: ='📋 Báo Cáo 49 Ngày'!I93 | E37: ='📋 Báo Cáo 49 Ngày'!K93 | F37: ='📋 Báo Cáo 49 Ngày'!M93 | G37: =IF(COUNTIF('📋 Báo Cáo 49 Ngày'!H93:N93, "<>")>0, "🖼️ Có kèm ảnh", "—") | H37: ='📋 Báo Cáo 49 Ngày'!O93 | I37: ='📋 Báo Cáo 49 Ngày'!P93
A38: 9 | B38: Phạm Huyền | C38: ='📋 Báo Cáo 49 Ngày'!G94 | D38: ='📋 Báo Cáo 49 Ngày'!I94 | E38: ='📋 Báo Cáo 49 Ngày'!K94 | F38: ='📋 Báo Cáo 49 Ngày'!M94 | G38: =IF(COUNTIF('📋 Báo Cáo 49 Ngày'!H94:N94, "<>")>0, "🖼️ Có kèm ảnh", "—") | H38: ='📋 Báo Cáo 49 Ngày'!O94 | I38: ='📋 Báo Cáo 49 Ngày'!P94
A40: 📍 THỨ 6 (18/09/2026) - NGÀY 11 / 49
A41: STT | B41: Thành Viên | C41: Reel (Link/Ảnh) | D41: Bài Viết 1 (Link/Ảnh) | E41: Bài Viết 2 (Link/Ảnh) | F41: Bài Tập Nhóm (Link/Ảnh) | G41: Chi Tiết Ảnh Minh Chứng | H41: Hoàn Thành | I41: Đánh Giá | J41: Ghi Chú
A42: 1 | B42: Nancy | C42: ='📋 Báo Cáo 49 Ngày'!G95 | D42: ='📋 Báo Cáo 49 Ngày'!I95 | E42: ='📋 Báo Cáo 49 Ngày'!K95 | F42: ='📋 Báo Cáo 49 Ngày'!M95 | G42: =IF(COUNTIF('📋 Báo Cáo 49 Ngày'!H95:N95, "<>")>0, "🖼️ Có kèm ảnh", "—") | H42: ='📋 Báo Cáo 49 Ngày'!O95 | I42: ='📋 Báo Cáo 49 Ngày'!P95
A43: 2 | B43: Hoài Học Mãi | C43: ='📋 Báo Cáo 49 Ngày'!G96 | D43: ='📋 Báo Cáo 49 Ngày'!I96 | E43: ='📋 Báo Cáo 49 Ngày'!K96 | F43: ='📋 Báo Cáo 49 Ngày'!M96 | G43: =IF(COUNTIF('📋 Báo Cáo 49 Ngày'!H96:N96, "<>")>0, "🖼️ Có kèm ảnh", "—") | H43: ='📋 Báo Cáo 49 Ngày'!O96 | I43: ='📋 Báo Cáo 49 Ngày'!P96
A44: 3 | B44: Lambee | C44: ='📋 Báo Cáo 49 Ngày'!G97 | D44: ='📋 Báo Cáo 49 Ngày'!I97 | E44: ='📋 Báo Cáo 49 Ngày'!K97 | F44: ='📋 Báo Cáo 49 Ngày'!M97 | G44: =IF(COUNTIF('📋 Báo Cáo 49 Ngày'!H97:N97, "<>")>0, "🖼️ Có kèm ảnh", "—") | H44: ='📋 Báo Cáo 49 Ngày'!O97 | I44: ='📋 Báo Cáo 49 Ngày'!P97
A45: 4 | B45: Nhung Hoàng | C45: ='📋 Báo Cáo 49 Ngày'!G98 | D45: ='📋 Báo Cáo 49 Ngày'!I98 | E45: ='📋 Báo Cáo 49 Ngày'!K98 | F45: ='📋 Báo Cáo 49 Ngày'!M98 | G45: =IF(COUNTIF('📋 Báo Cáo 49 Ngày'!H98:N98, "<>")>0, "🖼️ Có kèm ảnh", "—") | H45: ='📋 Báo Cáo 49 Ngày'!O98 | I45: ='📋 Báo Cáo 49 Ngày'!P98
A46: 5 | B46: Quỳnh Thu | C46: ='📋 Báo Cáo 49 Ngày'!G99 | D46: ='📋 Báo Cáo 49 Ngày'!I99 | E46: ='📋 Báo Cáo 49 Ngày'!K99 | F46: ='📋 Báo Cáo 49 Ngày'!M99 | G46: =IF(COUNTIF('📋 Báo Cáo 49 Ngày'!H99:N99, "<>")>0, "🖼️ Có kèm ảnh", "—") | H46: ='📋 Báo Cáo 49 Ngày'!O99 | I46: ='📋 Báo Cáo 49 Ngày'!P99
A47: 6 | B47: TanAnh Pham | C47: ='📋 Báo Cáo 49 Ngày'!G100 | D47: ='📋 Báo Cáo 49 Ngày'!I100 | E47: ='📋 Báo Cáo 49 Ngày'!K100 | F47: ='📋 Báo Cáo 49 Ngày'!M100 | G47: =IF(COUNTIF('📋 Báo Cáo 49 Ngày'!H100:N100, "<>")>0, "🖼️ Có kèm ảnh", "—") | H47: ='📋 Báo Cáo 49 Ngày'!O100 | I47: ='📋 Báo Cáo 49 Ngày'!P100
A48: 7 | B48: Thảo Collins Edu | C48: ='📋 Báo Cáo 49 Ngày'!G101 | D48: ='📋 Báo Cáo 49 Ngày'!I101 | E48: ='📋 Báo Cáo 49 Ngày'!K101 | F48: ='📋 Báo Cáo 49 Ngày'!M101 | G48: =IF(COUNTIF('📋 Báo Cáo 49 Ngày'!H101:N101, "<>")>0, "🖼️ Có kèm ảnh", "—") | H48: ='📋 Báo Cáo 49 Ngày'!O101 | I48: ='📋 Báo Cáo 49 Ngày'!P101
A49: 8 | B49: Trần Quế Lam | C49: ='📋 Báo Cáo 49 Ngày'!G102 | D49: ='📋 Báo Cáo 49 Ngày'!I102 | E49: ='📋 Báo Cáo 49 Ngày'!K102 | F49: ='📋 Báo Cáo 49 Ngày'!M102 | G49: =IF(COUNTIF('📋 Báo Cáo 49 Ngày'!H102:N102, "<>")>0, "🖼️ Có kèm ảnh", "—") | H49: ='📋 Báo Cáo 49 Ngày'!O102 | I49: ='📋 Báo Cáo 49 Ngày'!P102
A50: 9 | B50: Phạm Huyền | C50: ='📋 Báo Cáo 49 Ngày'!G103 | D50: ='📋 Báo Cáo 49 Ngày'!I103 | E50: ='📋 Báo Cáo 49 Ngày'!K103 | F50: ='📋 Báo Cáo 49 Ngày'!M103 | G50: =IF(COUNTIF('📋 Báo Cáo 49 Ngày'!H103:N103, "<>")>0, "🖼️ Có kèm ảnh", "—") | H50: ='📋 Báo Cáo 49 Ngày'!O103 | I50: ='📋 Báo Cáo 49 Ngày'!P103
A52: 📍 THỨ 7 (19/09/2026) - NGÀY 12 / 49
A53: STT | B53: Thành Viên | C53: Reel (Link/Ảnh) | D53: Bài Viết 1 (Link/Ảnh) | E53: Bài Viết 2 (Link/Ảnh) | F53: Bài Tập Nhóm (Link/Ảnh) | G53: Chi Tiết Ảnh Minh Chứng | H53: Hoàn Thành | I53: Đánh Giá | J53: Ghi Chú
A54: 1 | B54: Nancy | C54: ='📋 Báo Cáo 49 Ngày'!G104 | D54: ='📋 Báo Cáo 49 Ngày'!I104 | E54: ='📋 Báo Cáo 49 Ngày'!K104 | F54: ='📋 Báo Cáo 49 Ngày'!M104 | G54: =IF(COUNTIF('📋 Báo Cáo 49 Ngày'!H104:N104, "<>")>0, "🖼️ Có kèm ảnh", "—") | H54: ='📋 Báo Cáo 49 Ngày'!O104 | I54: ='📋 Báo Cáo 49 Ngày'!P104
A55: 2 | B55: Hoài Học Mãi | C55: ='📋 Báo Cáo 49 Ngày'!G105 | D55: ='📋 Báo Cáo 49 Ngày'!I105 | E55: ='📋 Báo Cáo 49 Ngày'!K105 | F55: ='📋 Báo Cáo 49 Ngày'!M105 | G55: =IF(COUNTIF('📋 Báo Cáo 49 Ngày'!H105:N105, "<>")>0, "🖼️ Có kèm ảnh", "—") | H55: ='📋 Báo Cáo 49 Ngày'!O105 | I55: ='📋 Báo Cáo 49 Ngày'!P105
A56: 3 | B56: Lambee | C56: ='📋 Báo Cáo 49 Ngày'!G106 | D56: ='📋 Báo Cáo 49 Ngày'!I106 | E56: ='📋 Báo Cáo 49 Ngày'!K106 | F56: ='📋 Báo Cáo 49 Ngày'!M106 | G56: =IF(COUNTIF('📋 Báo Cáo 49 Ngày'!H106:N106, "<>")>0, "🖼️ Có kèm ảnh", "—") | H56: ='📋 Báo Cáo 49 Ngày'!O106 | I56: ='📋 Báo Cáo 49 Ngày'!P106
A57: 4 | B57: Nhung Hoàng | C57: ='📋 Báo Cáo 49 Ngày'!G107 | D57: ='📋 Báo Cáo 49 Ngày'!I107 | E57: ='📋 Báo Cáo 49 Ngày'!K107 | F57: ='📋 Báo Cáo 49 Ngày'!M107 | G57: =IF(COUNTIF('📋 Báo Cáo 49 Ngày'!H107:N107, "<>")>0, "🖼️ Có kèm ảnh", "—") | H57: ='📋 Báo Cáo 49 Ngày'!O107 | I57: ='📋 Báo Cáo 49 Ngày'!P107
A58: 5 | B58: Quỳnh Thu | C58: ='📋 Báo Cáo 49 Ngày'!G108 | D58: ='📋 Báo Cáo 49 Ngày'!I108 | E58: ='📋 Báo Cáo 49 Ngày'!K108 | F58: ='📋 Báo Cáo 49 Ngày'!M108 | G58: =IF(COUNTIF('📋 Báo Cáo 49 Ngày'!H108:N108, "<>")>0, "🖼️ Có kèm ảnh", "—") | H58: ='📋 Báo Cáo 49 Ngày'!O108 | I58: ='📋 Báo Cáo 49 Ngày'!P108
A59: 6 | B59: TanAnh Pham | C59: ='📋 Báo Cáo 49 Ngày'!G109 | D59: ='📋 Báo Cáo 49 Ngày'!I109 | E59: ='📋 Báo Cáo 49 Ngày'!K109 | F59: ='📋 Báo Cáo 49 Ngày'!M109 | G59: =IF(COUNTIF('📋 Báo Cáo 49 Ngày'!H109:N109, "<>")>0, "🖼️ Có kèm ảnh", "—") | H59: ='📋 Báo Cáo 49 Ngày'!O109 | I59: ='📋 Báo Cáo 49 Ngày'!P109
A60: 7 | B60: Thảo Collins Edu | C60: ='📋 Báo Cáo 49 Ngày'!G110 | D60: ='📋 Báo Cáo 49 Ngày'!I110 | E60: ='📋 Báo Cáo 49 Ngày'!K110 | F60: ='📋 Báo Cáo 49 Ngày'!M110 | G60: =IF(COUNTIF('📋 Báo Cáo 49 Ngày'!H110:N110, "<>")>0, "🖼️ Có kèm ảnh", "—") | H60: ='📋 Báo Cáo 49 Ngày'!O110 | I60: ='📋 Báo Cáo 49 Ngày'!P110
A61: 8 | B61: Trần Quế Lam | C61: ='📋 Báo Cáo 49 Ngày'!G111 | D61: ='📋 Báo Cáo 49 Ngày'!I111 | E61: ='📋 Báo Cáo 49 Ngày'!K111 | F61: ='📋 Báo Cáo 49 Ngày'!M111 | G61: =IF(COUNTIF('📋 Báo Cáo 49 Ngày'!H111:N111, "<>")>0, "🖼️ Có kèm ảnh", "—") | H61: ='📋 Báo Cáo 49 Ngày'!O111 | I61: ='📋 Báo Cáo 49 Ngày'!P111
A62: 9 | B62: Phạm Huyền | C62: ='📋 Báo Cáo 49 Ngày'!G112 | D62: ='📋 Báo Cáo 49 Ngày'!I112 | E62: ='📋 Báo Cáo 49 Ngày'!K112 | F62: ='📋 Báo Cáo 49 Ngày'!M112 | G62: =IF(COUNTIF('📋 Báo Cáo 49 Ngày'!H112:N112, "<>")>0, "🖼️ Có kèm ảnh", "—") | H62: ='📋 Báo Cáo 49 Ngày'!O112 | I62: ='📋 Báo Cáo 49 Ngày'!P112
A64: 📍 CHỦ NHẬT (20/09/2026) - NGÀY 13 / 49
A65: STT | B65: Thành Viên | C65: Reel (Link/Ảnh) | D65: Bài Viết 1 (Link/Ảnh) | E65: Bài Viết 2 (Link/Ảnh) | F65: Bài Tập Nhóm (Link/Ảnh) | G65: Chi Tiết Ảnh Minh Chứng | H65: Hoàn Thành | I65: Đánh Giá | J65: Ghi Chú
A66: 1 | B66: Nancy | C66: ='📋 Báo Cáo 49 Ngày'!G113 | D66: ='📋 Báo Cáo 49 Ngày'!I113 | E66: ='📋 Báo Cáo 49 Ngày'!K113 | F66: ='📋 Báo Cáo 49 Ngày'!M113 | G66: =IF(COUNTIF('📋 Báo Cáo 49 Ngày'!H113:N113, "<>")>0, "🖼️ Có kèm ảnh", "—") | H66: ='📋 Báo Cáo 49 Ngày'!O113 | I66: ='📋 Báo Cáo 49 Ngày'!P113
A67: 2 | B67: Hoài Học Mãi | C67: ='📋 Báo Cáo 49 Ngày'!G114 | D67: ='📋 Báo Cáo 49 Ngày'!I114 | E67: ='📋 Báo Cáo 49 Ngày'!K114 | F67: ='📋 Báo Cáo 49 Ngày'!M114 | G67: =IF(COUNTIF('📋 Báo Cáo 49 Ngày'!H114:N114, "<>")>0, "🖼️ Có kèm ảnh", "—") | H67: ='📋 Báo Cáo 49 Ngày'!O114 | I67: ='📋 Báo Cáo 49 Ngày'!P114
A68: 3 | B68: Lambee | C68: ='📋 Báo Cáo 49 Ngày'!G115 | D68: ='📋 Báo Cáo 49 Ngày'!I115 | E68: ='📋 Báo Cáo 49 Ngày'!K115 | F68: ='📋 Báo Cáo 49 Ngày'!M115 | G68: =IF(COUNTIF('📋 Báo Cáo 49 Ngày'!H115:N115, "<>")>0, "🖼️ Có kèm ảnh", "—") | H68: ='📋 Báo Cáo 49 Ngày'!O115 | I68: ='📋 Báo Cáo 49 Ngày'!P115
A69: 4 | B69: Nhung Hoàng | C69: ='📋 Báo Cáo 49 Ngày'!G116 | D69: ='📋 Báo Cáo 49 Ngày'!I116 | E69: ='📋 Báo Cáo 49 Ngày'!K116 | F69: ='📋 Báo Cáo 49 Ngày'!M116 | G69: =IF(COUNTIF('📋 Báo Cáo 49 Ngày'!H116:N116, "<>")>0, "🖼️ Có kèm ảnh", "—") | H69: ='📋 Báo Cáo 49 Ngày'!O116 | I69: ='📋 Báo Cáo 49 Ngày'!P116
A70: 5 | B70: Quỳnh Thu | C70: ='📋 Báo Cáo 49 Ngày'!G117 | D70: ='📋 Báo Cáo 49 Ngày'!I117 | E70: ='📋 Báo Cáo 49 Ngày'!K117 | F70: ='📋 Báo Cáo 49 Ngày'!M117 | G70: =IF(COUNTIF('📋 Báo Cáo 49 Ngày'!H117:N117, "<>")>0, "🖼️ Có kèm ảnh", "—") | H70: ='📋 Báo Cáo 49 Ngày'!O117 | I70: ='📋 Báo Cáo 49 Ngày'!P117
A71: 6 | B71: TanAnh Pham | C71: ='📋 Báo Cáo 49 Ngày'!G118 | D71: ='📋 Báo Cáo 49 Ngày'!I118 | E71: ='📋 Báo Cáo 49 Ngày'!K118 | F71: ='📋 Báo Cáo 49 Ngày'!M118 | G71: =IF(COUNTIF('📋 Báo Cáo 49 Ngày'!H118:N118, "<>")>0, "🖼️ Có kèm ảnh", "—") | H71: ='📋 Báo Cáo 49 Ngày'!O118 | I71: ='📋 Báo Cáo 49 Ngày'!P118
A72: 7 | B72: Thảo Collins Edu | C72: ='📋 Báo Cáo 49 Ngày'!G119 | D72: ='📋 Báo Cáo 49 Ngày'!I119 | E72: ='📋 Báo Cáo 49 Ngày'!K119 | F72: ='📋 Báo Cáo 49 Ngày'!M119 | G72: =IF(COUNTIF('📋 Báo Cáo 49 Ngày'!H119:N119, "<>")>0, "🖼️ Có kèm ảnh", "—") | H72: ='📋 Báo Cáo 49 Ngày'!O119 | I72: ='📋 Báo Cáo 49 Ngày'!P119
A73: 8 | B73: Trần Quế Lam | C73: ='📋 Báo Cáo 49 Ngày'!G120 | D73: ='📋 Báo Cáo 49 Ngày'!I120 | E73: ='📋 Báo Cáo 49 Ngày'!K120 | F73: ='📋 Báo Cáo 49 Ngày'!M120 | G73: =IF(COUNTIF('📋 Báo Cáo 49 Ngày'!H120:N120, "<>")>0, "🖼️ Có kèm ảnh", "—") | H73: ='📋 Báo Cáo 49 Ngày'!O120 | I73: ='📋 Báo Cáo 49 Ngày'!P120
A74: 9 | B74: Phạm Huyền | C74: ='📋 Báo Cáo 49 Ngày'!G121 | D74: ='📋 Báo Cáo 49 Ngày'!I121 | E74: ='📋 Báo Cáo 49 Ngày'!K121 | F74: ='📋 Báo Cáo 49 Ngày'!M121 | G74: =IF(COUNTIF('📋 Báo Cáo 49 Ngày'!H121:N121, "<>")>0, "🖼️ Có kèm ảnh", "—") | H74: ='📋 Báo Cáo 49 Ngày'!O121 | I74: ='📋 Báo Cáo 49 Ngày'!P121
A76: 📍 THỨ 2 (21/09/2026) - NGÀY 14 / 49
A77: STT | B77: Thành Viên | C77: Reel (Link/Ảnh) | D77: Bài Viết 1 (Link/Ảnh) | E77: Bài Viết 2 (Link/Ảnh) | F77: Bài Tập Nhóm (Link/Ảnh) | G77: Chi Tiết Ảnh Minh Chứng | H77: Hoàn Thành | I77: Đánh Giá | J77: Ghi Chú
A78: 1 | B78: Nancy | C78: ='📋 Báo Cáo 49 Ngày'!G122 | D78: ='📋 Báo Cáo 49 Ngày'!I122 | E78: ='📋 Báo Cáo 49 Ngày'!K122 | F78: ='📋 Báo Cáo 49 Ngày'!M122 | G78: =IF(COUNTIF('📋 Báo Cáo 49 Ngày'!H122:N122, "<>")>0, "🖼️ Có kèm ảnh", "—") | H78: ='📋 Báo Cáo 49 Ngày'!O122 | I78: ='📋 Báo Cáo 49 Ngày'!P122
A79: 2 | B79: Hoài Học Mãi | C79: ='📋 Báo Cáo 49 Ngày'!G123 | D79: ='📋 Báo Cáo 49 Ngày'!I123 | E79: ='📋 Báo Cáo 49 Ngày'!K123 | F79: ='📋 Báo Cáo 49 Ngày'!M123 | G79: =IF(COUNTIF('📋 Báo Cáo 49 Ngày'!H123:N123, "<>")>0, "🖼️ Có kèm ảnh", "—") | H79: ='📋 Báo Cáo 49 Ngày'!O123 | I79: ='📋 Báo Cáo 49 Ngày'!P123
A80: 3 | B80: Lambee | C80: ='📋 Báo Cáo 49 Ngày'!G124 | D80: ='📋 Báo Cáo 49 Ngày'!I124 | E80: ='📋 Báo Cáo 49 Ngày'!K124 | F80: ='📋 Báo Cáo 49 Ngày'!M124 | G80: =IF(COUNTIF('📋 Báo Cáo 49 Ngày'!H124:N124, "<>")>0, "🖼️ Có kèm ảnh", "—") | H80: ='📋 Báo Cáo 49 Ngày'!O124 | I80: ='📋 Báo Cáo 49 Ngày'!P124
A81: 4 | B81: Nhung Hoàng | C81: ='📋 Báo Cáo 49 Ngày'!G125 | D81: ='📋 Báo Cáo 49 Ngày'!I125 | E81: ='📋 Báo Cáo 49 Ngày'!K125 | F81: ='📋 Báo Cáo 49 Ngày'!M125 | G81: =IF(COUNTIF('📋 Báo Cáo 49 Ngày'!H125:N125, "<>")>0, "🖼️ Có kèm ảnh", "—") | H81: ='📋 Báo Cáo 49 Ngày'!O125 | I81: ='📋 Báo Cáo 49 Ngày'!P125
A82: 5 | B82: Quỳnh Thu | C82: ='📋 Báo Cáo 49 Ngày'!G126 | D82: ='📋 Báo Cáo 49 Ngày'!I126 | E82: ='📋 Báo Cáo 49 Ngày'!K126 | F82: ='📋 Báo Cáo 49 Ngày'!M126 | G82: =IF(COUNTIF('📋 Báo Cáo 49 Ngày'!H126:N126, "<>")>0, "🖼️ Có kèm ảnh", "—") | H82: ='📋 Báo Cáo 49 Ngày'!O126 | I82: ='📋 Báo Cáo 49 Ngày'!P126
A83: 6 | B83: TanAnh Pham | C83: ='📋 Báo Cáo 49 Ngày'!G127 | D83: ='📋 Báo Cáo 49 Ngày'!I127 | E83: ='📋 Báo Cáo 49 Ngày'!K127 | F83: ='📋 Báo Cáo 49 Ngày'!M127 | G83: =IF(COUNTIF('📋 Báo Cáo 49 Ngày'!H127:N127, "<>")>0, "🖼️ Có kèm ảnh", "—") | H83: ='📋 Báo Cáo 49 Ngày'!O127 | I83: ='📋 Báo Cáo 49 Ngày'!P127
A84: 7 | B84: Thảo Collins Edu | C84: ='📋 Báo Cáo 49 Ngày'!G128 | D84: ='📋 Báo Cáo 49 Ngày'!I128 | E84: ='📋 Báo Cáo 49 Ngày'!K128 | F84: ='📋 Báo Cáo 49 Ngày'!M128 | G84: =IF(COUNTIF('📋 Báo Cáo 49 Ngày'!H128:N128, "<>")>0, "🖼️ Có kèm ảnh", "—") | H84: ='📋 Báo Cáo 49 Ngày'!O128 | I84: ='📋 Báo Cáo 49 Ngày'!P128
A85: 8 | B85: Trần Quế Lam | C85: ='📋 Báo Cáo 49 Ngày'!G129 | D85: ='📋 Báo Cáo 49 Ngày'!I129 | E85: ='📋 Báo Cáo 49 Ngày'!K129 | F85: ='📋 Báo Cáo 49 Ngày'!M129 | G85: =IF(COUNTIF('📋 Báo Cáo 49 Ngày'!H129:N129, "<>")>0, "🖼️ Có kèm ảnh", "—") | H85: ='📋 Báo Cáo 49 Ngày'!O129 | I85: ='📋 Báo Cáo 49 Ngày'!P129
A86: 9 | B86: Phạm Huyền | C86: ='📋 Báo Cáo 49 Ngày'!G130 | D86: ='📋 Báo Cáo 49 Ngày'!I130 | E86: ='📋 Báo Cáo 49 Ngày'!K130 | F86: ='📋 Báo Cáo 49 Ngày'!M130 | G86: =IF(COUNTIF('📋 Báo Cáo 49 Ngày'!H130:N130, "<>")>0, "🖼️ Có kèm ảnh", "—") | H86: ='📋 Báo Cáo 49 Ngày'!O130 | I86: ='📋 Báo Cáo 49 Ngày'!P130

Sheet Tuần 3
A1: 📅 TUẦN 3 (22/09 - 28/09/2026) - BÁO CÁO 9 THÀNH VIÊN
A4: 📍 THỨ 3 (22/09/2026) - NGÀY 15 / 49
A5: STT | B5: Thành Viên | C5: Reel (Link/Ảnh) | D5: Bài Viết 1 (Link/Ảnh) | E5: Bài Viết 2 (Link/Ảnh) | F5: Bài Tập Nhóm (Link/Ảnh) | G5: Chi Tiết Ảnh Minh Chứng | H5: Hoàn Thành | I5: Đánh Giá | J5: Ghi Chú
A6: 1 | B6: Nancy | C6: ='📋 Báo Cáo 49 Ngày'!G131 | D6: ='📋 Báo Cáo 49 Ngày'!I131 | E6: ='📋 Báo Cáo 49 Ngày'!K131 | F6: ='📋 Báo Cáo 49 Ngày'!M131 | G6: =IF(COUNTIF('📋 Báo Cáo 49 Ngày'!H131:N131, "<>")>0, "🖼️ Có kèm ảnh", "—") | H6: ='📋 Báo Cáo 49 Ngày'!O131 | I6: ='📋 Báo Cáo 49 Ngày'!P131
A7: 2 | B7: Hoài Học Mãi | C7: ='📋 Báo Cáo 49 Ngày'!G132 | D7: ='📋 Báo Cáo 49 Ngày'!I132 | E7: ='📋 Báo Cáo 49 Ngày'!K132 | F7: ='📋 Báo Cáo 49 Ngày'!M132 | G7: =IF(COUNTIF('📋 Báo Cáo 49 Ngày'!H132:N132, "<>")>0, "🖼️ Có kèm ảnh", "—") | H7: ='📋 Báo Cáo 49 Ngày'!O132 | I7: ='📋 Báo Cáo 49 Ngày'!P132
A8: 3 | B8: Lambee | C8: ='📋 Báo Cáo 49 Ngày'!G133 | D8: ='📋 Báo Cáo 49 Ngày'!I133 | E8: ='📋 Báo Cáo 49 Ngày'!K133 | F8: ='📋 Báo Cáo 49 Ngày'!M133 | G8: =IF(COUNTIF('📋 Báo Cáo 49 Ngày'!H133:N133, "<>")>0, "🖼️ Có kèm ảnh", "—") | H8: ='📋 Báo Cáo 49 Ngày'!O133 | I8: ='📋 Báo Cáo 49 Ngày'!P133
A9: 4 | B9: Nhung Hoàng | C9: ='📋 Báo Cáo 49 Ngày'!G134 | D9: ='📋 Báo Cáo 49 Ngày'!I134 | E9: ='📋 Báo Cáo 49 Ngày'!K134 | F9: ='📋 Báo Cáo 49 Ngày'!M134 | G9: =IF(COUNTIF('📋 Báo Cáo 49 Ngày'!H134:N134, "<>")>0, "🖼️ Có kèm ảnh", "—") | H9: ='📋 Báo Cáo 49 Ngày'!O134 | I9: ='📋 Báo Cáo 49 Ngày'!P134
A10: 5 | B10: Quỳnh Thu | C10: ='📋 Báo Cáo 49 Ngày'!G135 | D10: ='📋 Báo Cáo 49 Ngày'!I135 | E10: ='📋 Báo Cáo 49 Ngày'!K135 | F10: ='📋 Báo Cáo 49 Ngày'!M135 | G10: =IF(COUNTIF('📋 Báo Cáo 49 Ngày'!H135:N135, "<>")>0, "🖼️ Có kèm ảnh", "—") | H10: ='📋 Báo Cáo 49 Ngày'!O135 | I10: ='📋 Báo Cáo 49 Ngày'!P135
A11: 6 | B11: TanAnh Pham | C11: ='📋 Báo Cáo 49 Ngày'!G136 | D11: ='📋 Báo Cáo 49 Ngày'!I136 | E11: ='📋 Báo Cáo 49 Ngày'!K136 | F11: ='📋 Báo Cáo 49 Ngày'!M136 | G11: =IF(COUNTIF('📋 Báo Cáo 49 Ngày'!H136:N136, "<>")>0, "🖼️ Có kèm ảnh", "—") | H11: ='📋 Báo Cáo 49 Ngày'!O136 | I11: ='📋 Báo Cáo 49 Ngày'!P136
A12: 7 | B12: Thảo Collins Edu | C12: ='📋 Báo Cáo 49 Ngày'!G137 | D12: ='📋 Báo Cáo 49 Ngày'!I137 | E12: ='📋 Báo Cáo 49 Ngày'!K137 | F12: ='📋 Báo Cáo 49 Ngày'!M137 | G12: =IF(COUNTIF('📋 Báo Cáo 49 Ngày'!H137:N137, "<>")>0, "🖼️ Có kèm ảnh", "—") | H12: ='📋 Báo Cáo 49 Ngày'!O137 | I12: ='📋 Báo Cáo 49 Ngày'!P137
A13: 8 | B13: Trần Quế Lam | C13: ='📋 Báo Cáo 49 Ngày'!G138 | D13: ='📋 Báo Cáo 49 Ngày'!I138 | E13: ='📋 Báo Cáo 49 Ngày'!K138 | F13: ='📋 Báo Cáo 49 Ngày'!M138 | G13: =IF(COUNTIF('📋 Báo Cáo 49 Ngày'!H138:N138, "<>")>0, "🖼️ Có kèm ảnh", "—") | H13: ='📋 Báo Cáo 49 Ngày'!O138 | I13: ='📋 Báo Cáo 49 Ngày'!P138
A14: 9 | B14: Phạm Huyền | C14: ='📋 Báo Cáo 49 Ngày'!G139 | D14: ='📋 Báo Cáo 49 Ngày'!I139 | E14: ='📋 Báo Cáo 49 Ngày'!K139 | F14: ='📋 Báo Cáo 49 Ngày'!M139 | G14: =IF(COUNTIF('📋 Báo Cáo 49 Ngày'!H139:N139, "<>")>0, "🖼️ Có kèm ảnh", "—") | H14: ='📋 Báo Cáo 49 Ngày'!O139 | I14: ='📋 Báo Cáo 49 Ngày'!P139
A16: 📍 THỨ 4 (23/09/2026) - NGÀY 16 / 49
A17: STT | B17: Thành Viên | C17: Reel (Link/Ảnh) | D17: Bài Viết 1 (Link/Ảnh) | E17: Bài Viết 2 (Link/Ảnh) | F17: Bài Tập Nhóm (Link/Ảnh) | G17: Chi Tiết Ảnh Minh Chứng | H17: Hoàn Thành | I17: Đánh Giá | J17: Ghi Chú
A18: 1 | B18: Nancy | C18: ='📋 Báo Cáo 49 Ngày'!G140 | D18: ='📋 Báo Cáo 49 Ngày'!I140 | E18: ='📋 Báo Cáo 49 Ngày'!K140 | F18: ='📋 Báo Cáo 49 Ngày'!M140 | G18: =IF(COUNTIF('📋 Báo Cáo 49 Ngày'!H140:N140, "<>")>0, "🖼️ Có kèm ảnh", "—") | H18: ='📋 Báo Cáo 49 Ngày'!O140 | I18: ='📋 Báo Cáo 49 Ngày'!P140
A19: 2 | B19: Hoài Học Mãi | C19: ='📋 Báo Cáo 49 Ngày'!G141 | D19: ='📋 Báo Cáo 49 Ngày'!I141 | E19: ='📋 Báo Cáo 49 Ngày'!K141 | F19: ='📋 Báo Cáo 49 Ngày'!M141 | G19: =IF(COUNTIF('📋 Báo Cáo 49 Ngày'!H141:N141, "<>")>0, "🖼️ Có kèm ảnh", "—") | H19: ='📋 Báo Cáo 49 Ngày'!O141 | I19: ='📋 Báo Cáo 49 Ngày'!P141
A20: 3 | B20: Lambee | C20: ='📋 Báo Cáo 49 Ngày'!G142 | D20: ='📋 Báo Cáo 49 Ngày'!I142 | E20: ='📋 Báo Cáo 49 Ngày'!K142 | F20: ='📋 Báo Cáo 49 Ngày'!M142 | G20: =IF(COUNTIF('📋 Báo Cáo 49 Ngày'!H142:N142, "<>")>0, "🖼️ Có kèm ảnh", "—") | H20: ='📋 Báo Cáo 49 Ngày'!O142 | I20: ='📋 Báo Cáo 49 Ngày'!P142
A21: 4 | B21: Nhung Hoàng | C21: ='📋 Báo Cáo 49 Ngày'!G143 | D21: ='📋 Báo Cáo 49 Ngày'!I143 | E21: ='📋 Báo Cáo 49 Ngày'!K143 | F21: ='📋 Báo Cáo 49 Ngày'!M143 | G21: =IF(COUNTIF('📋 Báo Cáo 49 Ngày'!H143:N143, "<>")>0, "🖼️ Có kèm ảnh", "—") | H21: ='📋 Báo Cáo 49 Ngày'!O143 | I21: ='📋 Báo Cáo 49 Ngày'!P143
A22: 5 | B22: Quỳnh Thu | C22: ='📋 Báo Cáo 49 Ngày'!G144 | D22: ='📋 Báo Cáo 49 Ngày'!I144 | E22: ='📋 Báo Cáo 49 Ngày'!K144 | F22: ='📋 Báo Cáo 49 Ngày'!M144 | G22: =IF(COUNTIF('📋 Báo Cáo 49 Ngày'!H144:N144, "<>")>0, "🖼️ Có kèm ảnh", "—") | H22: ='📋 Báo Cáo 49 Ngày'!O144 | I22: ='📋 Báo Cáo 49 Ngày'!P144
A23: 6 | B23: TanAnh Pham | C23: ='📋 Báo Cáo 49 Ngày'!G145 | D23: ='📋 Báo Cáo 49 Ngày'!I145 | E23: ='📋 Báo Cáo 49 Ngày'!K145 | F23: ='📋 Báo Cáo 49 Ngày'!M145 | G23: =IF(COUNTIF('📋 Báo Cáo 49 Ngày'!H145:N145, "<>")>0, "🖼️ Có kèm ảnh", "—") | H23: ='📋 Báo Cáo 49 Ngày'!O145 | I23: ='📋 Báo Cáo 49 Ngày'!P145
A24: 7 | B24: Thảo Collins Edu | C24: ='📋 Báo Cáo 49 Ngày'!G146 | D24: ='📋 Báo Cáo 49 Ngày'!I146 | E24: ='📋 Báo Cáo 49 Ngày'!K146 | F24: ='📋 Báo Cáo 49 Ngày'!M146 | G24: =IF(COUNTIF('📋 Báo Cáo 49 Ngày'!H146:N146, "<>")>0, "🖼️ Có kèm ảnh", "—") | H24: ='📋 Báo Cáo 49 Ngày'!O146 | I24: ='📋 Báo Cáo 49 Ngày'!P146
A25: 8 | B25: Trần Quế Lam | C25: ='📋 Báo Cáo 49 Ngày'!G147 | D25: ='📋 Báo Cáo 49 Ngày'!I147 | E25: ='📋 Báo Cáo 49 Ngày'!K147 | F25: ='📋 Báo Cáo 49 Ngày'!M147 | G25: =IF(COUNTIF('📋 Báo Cáo 49 Ngày'!H147:N147, "<>")>0, "🖼️ Có kèm ảnh", "—") | H25: ='📋 Báo Cáo 49 Ngày'!O147 | I25: ='📋 Báo Cáo 49 Ngày'!P147
A26: 9 | B26: Phạm Huyền | C26: ='📋 Báo Cáo 49 Ngày'!G148 | D26: ='📋 Báo Cáo 49 Ngày'!I148 | E26: ='📋 Báo Cáo 49 Ngày'!K148 | F26: ='📋 Báo Cáo 49 Ngày'!M148 | G26: =IF(COUNTIF('📋 Báo Cáo 49 Ngày'!H148:N148, "<>")>0, "🖼️ Có kèm ảnh", "—") | H26: ='📋 Báo Cáo 49 Ngày'!O148 | I26: ='📋 Báo Cáo 49 Ngày'!P148
A28: 📍 THỨ 5 (24/09/2026) - NGÀY 17 / 49
A29: STT | B29: Thành Viên | C29: Reel (Link/Ảnh) | D29: Bài Viết 1 (Link/Ảnh) | E29: Bài Viết 2 (Link/Ảnh) | F29: Bài Tập Nhóm (Link/Ảnh) | G29: Chi Tiết Ảnh Minh Chứng | H29: Hoàn Thành | I29: Đánh Giá | J29: Ghi Chú
A30: 1 | B30: Nancy | C30: ='📋 Báo Cáo 49 Ngày'!G149 | D30: ='📋 Báo Cáo 49 Ngày'!I149 | E30: ='📋 Báo Cáo 49 Ngày'!K149 | F30: ='📋 Báo Cáo 49 Ngày'!M149 | G30: =IF(COUNTIF('📋 Báo Cáo 49 Ngày'!H149:N149, "<>")>0, "🖼️ Có kèm ảnh", "—") | H30: ='📋 Báo Cáo 49 Ngày'!O149 | I30: ='📋 Báo Cáo 49 Ngày'!P149
A31: 2 | B31: Hoài Học Mãi | C31: ='📋 Báo Cáo 49 Ngày'!G150 | D31: ='📋 Báo Cáo 49 Ngày'!I150 | E31: ='📋 Báo Cáo 49 Ngày'!K150 | F31: ='📋 Báo Cáo 49 Ngày'!M150 | G31: =IF(COUNTIF('📋 Báo Cáo 49 Ngày'!H150:N150, "<>")>0, "🖼️ Có kèm ảnh", "—") | H31: ='📋 Báo Cáo 49 Ngày'!O150 | I31: ='📋 Báo Cáo 49 Ngày'!P150
A32: 3 | B32: Lambee | C32: ='📋 Báo Cáo 49 Ngày'!G151 | D32: ='📋 Báo Cáo 49 Ngày'!I151 | E32: ='📋 Báo Cáo 49 Ngày'!K151 | F32: ='📋 Báo Cáo 49 Ngày'!M151 | G32: =IF(COUNTIF('📋 Báo Cáo 49 Ngày'!H151:N151, "<>")>0, "🖼️ Có kèm ảnh", "—") | H32: ='📋 Báo Cáo 49 Ngày'!O151 | I32: ='📋 Báo Cáo 49 Ngày'!P151
A33: 4 | B33: Nhung Hoàng | C33: ='📋 Báo Cáo 49 Ngày'!G152 | D33: ='📋 Báo Cáo 49 Ngày'!I152 | E33: ='📋 Báo Cáo 49 Ngày'!K152 | F33: ='📋 Báo Cáo 49 Ngày'!M152 | G33: =IF(COUNTIF('📋 Báo Cáo 49 Ngày'!H152:N152, "<>")>0, "🖼️ Có kèm ảnh", "—") | H33: ='📋 Báo Cáo 49 Ngày'!O152 | I33: ='📋 Báo Cáo 49 Ngày'!P152
A34: 5 | B34: Quỳnh Thu | C34: ='📋 Báo Cáo 49 Ngày'!G153 | D34: ='📋 Báo Cáo 49 Ngày'!I153 | E34: ='📋 Báo Cáo 49 Ngày'!K153 | F34: ='📋 Báo Cáo 49 Ngày'!M153 | G34: =IF(COUNTIF('📋 Báo Cáo 49 Ngày'!H153:N153, "<>")>0, "🖼️ Có kèm ảnh", "—") | H34: ='📋 Báo Cáo 49 Ngày'!O153 | I34: ='📋 Báo Cáo 49 Ngày'!P153
A35: 6 | B35: TanAnh Pham | C35: ='📋 Báo Cáo 49 Ngày'!G154 | D35: ='📋 Báo Cáo 49 Ngày'!I154 | E35: ='📋 Báo Cáo 49 Ngày'!K154 | F35: ='📋 Báo Cáo 49 Ngày'!M154 | G35: =IF(COUNTIF('📋 Báo Cáo 49 Ngày'!H154:N154, "<>")>0, "🖼️ Có kèm ảnh", "—") | H35: ='📋 Báo Cáo 49 Ngày'!O154 | I35: ='📋 Báo Cáo 49 Ngày'!P154
A36: 7 | B36: Thảo Collins Edu | C36: ='📋 Báo Cáo 49 Ngày'!G155 | D36: ='📋 Báo Cáo 49 Ngày'!I155 | E36: ='📋 Báo Cáo 49 Ngày'!K155 | F36: ='📋 Báo Cáo 49 Ngày'!M155 | G36: =IF(COUNTIF('📋 Báo Cáo 49 Ngày'!H155:N155, "<>")>0, "🖼️ Có kèm ảnh", "—") | H36: ='📋 Báo Cáo 49 Ngày'!O155 | I36: ='📋 Báo Cáo 49 Ngày'!P155
A37: 8 | B37: Trần Quế Lam | C37: ='📋 Báo Cáo 49 Ngày'!G156 | D37: ='📋 Báo Cáo 49 Ngày'!I156 | E37: ='📋 Báo Cáo 49 Ngày'!K156 | F37: ='📋 Báo Cáo 49 Ngày'!M156 | G37: =IF(COUNTIF('📋 Báo Cáo 49 Ngày'!H156:N156, "<>")>0, "🖼️ Có kèm ảnh", "—") | H37: ='📋 Báo Cáo 49 Ngày'!O156 | I37: ='📋 Báo Cáo 49 Ngày'!P156
A38: 9 | B38: Phạm Huyền | C38: ='📋 Báo Cáo 49 Ngày'!G157 | D38: ='📋 Báo Cáo 49 Ngày'!I157 | E38: ='📋 Báo Cáo 49 Ngày'!K157 | F38: ='📋 Báo Cáo 49 Ngày'!M157 | G38: =IF(COUNTIF('📋 Báo Cáo 49 Ngày'!H157:N157, "<>")>0, "🖼️ Có kèm ảnh", "—") | H38: ='📋 Báo Cáo 49 Ngày'!O157 | I38: ='📋 Báo Cáo 49 Ngày'!P157
A40: 📍 THỨ 6 (25/09/2026) - NGÀY 18 / 49
A41: STT | B41: Thành Viên | C41: Reel (Link/Ảnh) | D41: Bài Viết 1 (Link/Ảnh) | E41: Bài Viết 2 (Link/Ảnh) | F41: Bài Tập Nhóm (Link/Ảnh) | G41: Chi Tiết Ảnh Minh Chứng | H41: Hoàn Thành | I41: Đánh Giá | J41: Ghi Chú
A42: 1 | B42: Nancy | C42: ='📋 Báo Cáo 49 Ngày'!G158 | D42: ='📋 Báo Cáo 49 Ngày'!I158 | E42: ='📋 Báo Cáo 49 Ngày'!K158 | F42: ='📋 Báo Cáo 49 Ngày'!M158 | G42: =IF(COUNTIF('📋 Báo Cáo 49 Ngày'!H158:N158, "<>")>0, "🖼️ Có kèm ảnh", "—") | H42: ='📋 Báo Cáo 49 Ngày'!O158 | I42: ='📋 Báo Cáo 49 Ngày'!P158
A43: 2 | B43: Hoài Học Mãi | C43: ='📋 Báo Cáo 49 Ngày'!G159 | D43: ='📋 Báo Cáo 49 Ngày'!I159 | E43: ='📋 Báo Cáo 49 Ngày'!K159 | F43: ='📋 Báo Cáo 49 Ngày'!M159 | G43: =IF(COUNTIF('📋 Báo Cáo 49 Ngày'!H159:N159, "<>")>0, "🖼️ Có kèm ảnh", "—") | H43: ='📋 Báo Cáo 49 Ngày'!O159 | I43: ='📋 Báo Cáo 49 Ngày'!P159
A44: 3 | B44: Lambee | C44: ='📋 Báo Cáo 49 Ngày'!G160 | D44: ='📋 Báo Cáo 49 Ngày'!I160 | E44: ='📋 Báo Cáo 49 Ngày'!K160 | F44: ='📋 Báo Cáo 49 Ngày'!M160 | G44: =IF(COUNTIF('📋 Báo Cáo 49 Ngày'!H160:N160, "<>")>0, "🖼️ Có kèm ảnh", "—") | H44: ='📋 Báo Cáo 49 Ngày'!O160 | I44: ='📋 Báo Cáo 49 Ngày'!P160
A45: 4 | B45: Nhung Hoàng | C45: ='📋 Báo Cáo 49 Ngày'!G161 | D45: ='📋 Báo Cáo 49 Ngày'!I161 | E45: ='📋 Báo Cáo 49 Ngày'!K161 | F45: ='📋 Báo Cáo 49 Ngày'!M161 | G45: =IF(COUNTIF('📋 Báo Cáo 49 Ngày'!H161:N161, "<>")>0, "🖼️ Có kèm ảnh", "—") | H45: ='📋 Báo Cáo 49 Ngày'!O161 | I45: ='📋 Báo Cáo 49 Ngày'!P161
A46: 5 | B46: Quỳnh Thu | C46: ='📋 Báo Cáo 49 Ngày'!G162 | D46: ='📋 Báo Cáo 49 Ngày'!I162 | E46: ='📋 Báo Cáo 49 Ngày'!K162 | F46: ='📋 Báo Cáo 49 Ngày'!M162 | G46: =IF(COUNTIF('📋 Báo Cáo 49 Ngày'!H162:N162, "<>")>0, "🖼️ Có kèm ảnh", "—") | H46: ='📋 Báo Cáo 49 Ngày'!O162 | I46: ='📋 Báo Cáo 49 Ngày'!P162
A47: 6 | B47: TanAnh Pham | C47: ='📋 Báo Cáo 49 Ngày'!G163 | D47: ='📋 Báo Cáo 49 Ngày'!I163 | E47: ='📋 Báo Cáo 49 Ngày'!K163 | F47: ='📋 Báo Cáo 49 Ngày'!M163 | G47: =IF(COUNTIF('📋 Báo Cáo 49 Ngày'!H163:N163, "<>")>0, "🖼️ Có kèm ảnh", "—") | H47: ='📋 Báo Cáo 49 Ngày'!O163 | I47: ='📋 Báo Cáo 49 Ngày'!P163
A48: 7 | B48: Thảo Collins Edu | C48: ='📋 Báo Cáo 49 Ngày'!G164 | D48: ='📋 Báo Cáo 49 Ngày'!I164 | E48: ='📋 Báo Cáo 49 Ngày'!K164 | F48: ='📋 Báo Cáo 49 Ngày'!M164 | G48: =IF(COUNTIF('📋 Báo Cáo 49 Ngày'!H164:N164, "<>")>0, "🖼️ Có kèm ảnh", "—") | H48: ='📋 Báo Cáo 49 Ngày'!O164 | I48: ='📋 Báo Cáo 49 Ngày'!P164
A49: 8 | B49: Trần Quế Lam | C49: ='📋 Báo Cáo 49 Ngày'!G165 | D49: ='📋 Báo Cáo 49 Ngày'!I165 | E49: ='📋 Báo Cáo 49 Ngày'!K165 | F49: ='📋 Báo Cáo 49 Ngày'!M165 | G49: =IF(COUNTIF('📋 Báo Cáo 49 Ngày'!H165:N165, "<>")>0, "🖼️ Có kèm ảnh", "—") | H49: ='📋 Báo Cáo 49 Ngày'!O165 | I49: ='📋 Báo Cáo 49 Ngày'!P165
A50: 9 | B50: Phạm Huyền | C50: ='📋 Báo Cáo 49 Ngày'!G166 | D50: ='📋 Báo Cáo 49 Ngày'!I166 | E50: ='📋 Báo Cáo 49 Ngày'!K166 | F50: ='📋 Báo Cáo 49 Ngày'!M166 | G50: =IF(COUNTIF('📋 Báo Cáo 49 Ngày'!H166:N166, "<>")>0, "🖼️ Có kèm ảnh", "—") | H50: ='📋 Báo Cáo 49 Ngày'!O166 | I50: ='📋 Báo Cáo 49 Ngày'!P166
A52: 📍 THỨ 7 (26/09/2026) - NGÀY 19 / 49
A53: STT | B53: Thành Viên | C53: Reel (Link/Ảnh) | D53: Bài Viết 1 (Link/Ảnh) | E53: Bài Viết 2 (Link/Ảnh) | F53: Bài Tập Nhóm (Link/Ảnh) | G53: Chi Tiết Ảnh Minh Chứng | H53: Hoàn Thành | I53: Đánh Giá | J53: Ghi Chú
A54: 1 | B54: Nancy | C54: ='📋 Báo Cáo 49 Ngày'!G167 | D54: ='📋 Báo Cáo 49 Ngày'!I167 | E54: ='📋 Báo Cáo 49 Ngày'!K167 | F54: ='📋 Báo Cáo 49 Ngày'!M167 | G54: =IF(COUNTIF('📋 Báo Cáo 49 Ngày'!H167:N167, "<>")>0, "🖼️ Có kèm ảnh", "—") | H54: ='📋 Báo Cáo 49 Ngày'!O167 | I54: ='📋 Báo Cáo 49 Ngày'!P167
A55: 2 | B55: Hoài Học Mãi | C55: ='📋 Báo Cáo 49 Ngày'!G168 | D55: ='📋 Báo Cáo 49 Ngày'!I168 | E55: ='📋 Báo Cáo 49 Ngày'!K168 | F55: ='📋 Báo Cáo 49 Ngày'!M168 | G55: =IF(COUNTIF('📋 Báo Cáo 49 Ngày'!H168:N168, "<>")>0, "🖼️ Có kèm ảnh", "—") | H55: ='📋 Báo Cáo 49 Ngày'!O168 | I55: ='📋 Báo Cáo 49 Ngày'!P168
A56: 3 | B56: Lambee | C56: ='📋 Báo Cáo 49 Ngày'!G169 | D56: ='📋 Báo Cáo 49 Ngày'!I169 | E56: ='📋 Báo Cáo 49 Ngày'!K169 | F56: ='📋 Báo Cáo 49 Ngày'!M169 | G56: =IF(COUNTIF('📋 Báo Cáo 49 Ngày'!H169:N169, "<>")>0, "🖼️ Có kèm ảnh", "—") | H56: ='📋 Báo Cáo 49 Ngày'!O169 | I56: ='📋 Báo Cáo 49 Ngày'!P169
A57: 4 | B57: Nhung Hoàng | C57: ='📋 Báo Cáo 49 Ngày'!G170 | D57: ='📋 Báo Cáo 49 Ngày'!I170 | E57: ='📋 Báo Cáo 49 Ngày'!K170 | F57: ='📋 Báo Cáo 49 Ngày'!M170 | G57: =IF(COUNTIF('📋 Báo Cáo 49 Ngày'!H170:N170, "<>")>0, "🖼️ Có kèm ảnh", "—") | H57: ='📋 Báo Cáo 49 Ngày'!O170 | I57: ='📋 Báo Cáo 49 Ngày'!P170
A58: 5 | B58: Quỳnh Thu | C58: ='📋 Báo Cáo 49 Ngày'!G171 | D58: ='📋 Báo Cáo 49 Ngày'!I171 | E58: ='📋 Báo Cáo 49 Ngày'!K171 | F58: ='📋 Báo Cáo 49 Ngày'!M171 | G58: =IF(COUNTIF('📋 Báo Cáo 49 Ngày'!H171:N171, "<>")>0, "🖼️ Có kèm ảnh", "—") | H58: ='📋 Báo Cáo 49 Ngày'!O171 | I58: ='📋 Báo Cáo 49 Ngày'!P171
A59: 6 | B59: TanAnh Pham | C59: ='📋 Báo Cáo 49 Ngày'!G172 | D59: ='📋 Báo Cáo 49 Ngày'!I172 | E59: ='📋 Báo Cáo 49 Ngày'!K172 | F59: ='📋 Báo Cáo 49 Ngày'!M172 | G59: =IF(COUNTIF('📋 Báo Cáo 49 Ngày'!H172:N172, "<>")>0, "🖼️ Có kèm ảnh", "—") | H59: ='📋 Báo Cáo 49 Ngày'!O172 | I59: ='📋 Báo Cáo 49 Ngày'!P172
A60: 7 | B60: Thảo Collins Edu | C60: ='📋 Báo Cáo 49 Ngày'!G173 | D60: ='📋 Báo Cáo 49 Ngày'!I173 | E60: ='📋 Báo Cáo 49 Ngày'!K173 | F60: ='📋 Báo Cáo 49 Ngày'!M173 | G60: =IF(COUNTIF('📋 Báo Cáo 49 Ngày'!H173:N173, "<>")>0, "🖼️ Có kèm ảnh", "—") | H60: ='📋 Báo Cáo 49 Ngày'!O173 | I60: ='📋 Báo Cáo 49 Ngày'!P173
A61: 8 | B61: Trần Quế Lam | C61: ='📋 Báo Cáo 49 Ngày'!G174 | D61: ='📋 Báo Cáo 49 Ngày'!I174 | E61: ='📋 Báo Cáo 49 Ngày'!K174 | F61: ='📋 Báo Cáo 49 Ngày'!M174 | G61: =IF(COUNTIF('📋 Báo Cáo 49 Ngày'!H174:N174, "<>")>0, "🖼️ Có kèm ảnh", "—") | H61: ='📋 Báo Cáo 49 Ngày'!O174 | I61: ='📋 Báo Cáo 49 Ngày'!P174
A62: 9 | B62: Phạm Huyền | C62: ='📋 Báo Cáo 49 Ngày'!G175 | D62: ='📋 Báo Cáo 49 Ngày'!I175 | E62: ='📋 Báo Cáo 49 Ngày'!K175 | F62: ='📋 Báo Cáo 49 Ngày'!M175 | G62: =IF(COUNTIF('📋 Báo Cáo 49 Ngày'!H175:N175, "<>")>0, "🖼️ Có kèm ảnh", "—") | H62: ='📋 Báo Cáo 49 Ngày'!O175 | I62: ='📋 Báo Cáo 49 Ngày'!P175
A64: 📍 CHỦ NHẬT (27/09/2026) - NGÀY 20 / 49
A65: STT | B65: Thành Viên | C65: Reel (Link/Ảnh) | D65: Bài Viết 1 (Link/Ảnh) | E65: Bài Viết 2 (Link/Ảnh) | F65: Bài Tập Nhóm (Link/Ảnh) | G65: Chi Tiết Ảnh Minh Chứng | H65: Hoàn Thành | I65: Đánh Giá | J65: Ghi Chú
A66: 1 | B66: Nancy | C66: ='📋 Báo Cáo 49 Ngày'!G176 | D66: ='📋 Báo Cáo 49 Ngày'!I176 | E66: ='📋 Báo Cáo 49 Ngày'!K176 | F66: ='📋 Báo Cáo 49 Ngày'!M176 | G66: =IF(COUNTIF('📋 Báo Cáo 49 Ngày'!H176:N176, "<>")>0, "🖼️ Có kèm ảnh", "—") | H66: ='📋 Báo Cáo 49 Ngày'!O176 | I66: ='📋 Báo Cáo 49 Ngày'!P176
A67: 2 | B67: Hoài Học Mãi | C67: ='📋 Báo Cáo 49 Ngày'!G177 | D67: ='📋 Báo Cáo 49 Ngày'!I177 | E67: ='📋 Báo Cáo 49 Ngày'!K177 | F67: ='📋 Báo Cáo 49 Ngày'!M177 | G67: =IF(COUNTIF('📋 Báo Cáo 49 Ngày'!H177:N177, "<>")>0, "🖼️ Có kèm ảnh", "—") | H67: ='📋 Báo Cáo 49 Ngày'!O177 | I67: ='📋 Báo Cáo 49 Ngày'!P177
A68: 3 | B68: Lambee | C68: ='📋 Báo Cáo 49 Ngày'!G178 | D68: ='📋 Báo Cáo 49 Ngày'!I178 | E68: ='📋 Báo Cáo 49 Ngày'!K178 | F68: ='📋 Báo Cáo 49 Ngày'!M178 | G68: =IF(COUNTIF('📋 Báo Cáo 49 Ngày'!H178:N178, "<>")>0, "🖼️ Có kèm ảnh", "—") | H68: ='📋 Báo Cáo 49 Ngày'!O178 | I68: ='📋 Báo Cáo 49 Ngày'!P178
A69: 4 | B69: Nhung Hoàng | C69: ='📋 Báo Cáo 49 Ngày'!G179 | D69: ='📋 Báo Cáo 49 Ngày'!I179 | E69: ='📋 Báo Cáo 49 Ngày'!K179 | F69: ='📋 Báo Cáo 49 Ngày'!M179 | G69: =IF(COUNTIF('📋 Báo Cáo 49 Ngày'!H179:N179, "<>")>0, "🖼️ Có kèm ảnh", "—") | H69: ='📋 Báo Cáo 49 Ngày'!O179 | I69: ='📋 Báo Cáo 49 Ngày'!P179
A70: 5 | B70: Quỳnh Thu | C70: ='📋 Báo Cáo 49 Ngày'!G180 | D70: ='📋 Báo Cáo 49 Ngày'!I180 | E70: ='📋 Báo Cáo 49 Ngày'!K180 | F70: ='📋 Báo Cáo 49 Ngày'!M180 | G70: =IF(COUNTIF('📋 Báo Cáo 49 Ngày'!H180:N180, "<>")>0, "🖼️ Có kèm ảnh", "—") | H70: ='📋 Báo Cáo 49 Ngày'!O180 | I70: ='📋 Báo Cáo 49 Ngày'!P180
A71: 6 | B71: TanAnh Pham | C71: ='📋 Báo Cáo 49 Ngày'!G181 | D71: ='📋 Báo Cáo 49 Ngày'!I181 | E71: ='📋 Báo Cáo 49 Ngày'!K181 | F71: ='📋 Báo Cáo 49 Ngày'!M181 | G71: =IF(COUNTIF('📋 Báo Cáo 49 Ngày'!H181:N181, "<>")>0, "🖼️ Có kèm ảnh", "—") | H71: ='📋 Báo Cáo 49 Ngày'!O181 | I71: ='📋 Báo Cáo 49 Ngày'!P181
A72: 7 | B72: Thảo Collins Edu | C72: ='📋 Báo Cáo 49 Ngày'!G182 | D72: ='📋 Báo Cáo 49 Ngày'!I182 | E72: ='📋 Báo Cáo 49 Ngày'!K182 | F72: ='📋 Báo Cáo 49 Ngày'!M182 | G72: =IF(COUNTIF('📋 Báo Cáo 49 Ngày'!H182:N182, "<>")>0, "🖼️ Có kèm ảnh", "—") | H72: ='📋 Báo Cáo 49 Ngày'!O182 | I72: ='📋 Báo Cáo 49 Ngày'!P182
A73: 8 | B73: Trần Quế Lam | C73: ='📋 Báo Cáo 49 Ngày'!G183 | D73: ='📋 Báo Cáo 49 Ngày'!I183 | E73: ='📋 Báo Cáo 49 Ngày'!K183 | F73: ='📋 Báo Cáo 49 Ngày'!M183 | G73: =IF(COUNTIF('📋 Báo Cáo 49 Ngày'!H183:N183, "<>")>0, "🖼️ Có kèm ảnh", "—") | H73: ='📋 Báo Cáo 49 Ngày'!O183 | I73: ='📋 Báo Cáo 49 Ngày'!P183
A74: 9 | B74: Phạm Huyền | C74: ='📋 Báo Cáo 49 Ngày'!G184 | D74: ='📋 Báo Cáo 49 Ngày'!I184 | E74: ='📋 Báo Cáo 49 Ngày'!K184 | F74: ='📋 Báo Cáo 49 Ngày'!M184 | G74: =IF(COUNTIF('📋 Báo Cáo 49 Ngày'!H184:N184, "<>")>0, "🖼️ Có kèm ảnh", "—") | H74: ='📋 Báo Cáo 49 Ngày'!O184 | I74: ='📋 Báo Cáo 49 Ngày'!P184
A76: 📍 THỨ 2 (28/09/2026) - NGÀY 21 / 49
A77: STT | B77: Thành Viên | C77: Reel (Link/Ảnh) | D77: Bài Viết 1 (Link/Ảnh) | E77: Bài Viết 2 (Link/Ảnh) | F77: Bài Tập Nhóm (Link/Ảnh) | G77: Chi Tiết Ảnh Minh Chứng | H77: Hoàn Thành | I77: Đánh Giá | J77: Ghi Chú
A78: 1 | B78: Nancy | C78: ='📋 Báo Cáo 49 Ngày'!G185 | D78: ='📋 Báo Cáo 49 Ngày'!I185 | E78: ='📋 Báo Cáo 49 Ngày'!K185 | F78: ='📋 Báo Cáo 49 Ngày'!M185 | G78: =IF(COUNTIF('📋 Báo Cáo 49 Ngày'!H185:N185, "<>")>0, "🖼️ Có kèm ảnh", "—") | H78: ='📋 Báo Cáo 49 Ngày'!O185 | I78: ='📋 Báo Cáo 49 Ngày'!P185
A79: 2 | B79: Hoài Học Mãi | C79: ='📋 Báo Cáo 49 Ngày'!G186 | D79: ='📋 Báo Cáo 49 Ngày'!I186 | E79: ='📋 Báo Cáo 49 Ngày'!K186 | F79: ='📋 Báo Cáo 49 Ngày'!M186 | G79: =IF(COUNTIF('📋 Báo Cáo 49 Ngày'!H186:N186, "<>")>0, "🖼️ Có kèm ảnh", "—") | H79: ='📋 Báo Cáo 49 Ngày'!O186 | I79: ='📋 Báo Cáo 49 Ngày'!P186
A80: 3 | B80: Lambee | C80: ='📋 Báo Cáo 49 Ngày'!G187 | D80: ='📋 Báo Cáo 49 Ngày'!I187 | E80: ='📋 Báo Cáo 49 Ngày'!K187 | F80: ='📋 Báo Cáo 49 Ngày'!M187 | G80: =IF(COUNTIF('📋 Báo Cáo 49 Ngày'!H187:N187, "<>")>0, "🖼️ Có kèm ảnh", "—") | H80: ='📋 Báo Cáo 49 Ngày'!O187 | I80: ='📋 Báo Cáo 49 Ngày'!P187
A81: 4 | B81: Nhung Hoàng | C81: ='📋 Báo Cáo 49 Ngày'!G188 | D81: ='📋 Báo Cáo 49 Ngày'!I188 | E81: ='📋 Báo Cáo 49 Ngày'!K188 | F81: ='📋 Báo Cáo 49 Ngày'!M188 | G81: =IF(COUNTIF('📋 Báo Cáo 49 Ngày'!H188:N188, "<>")>0, "🖼️ Có kèm ảnh", "—") | H81: ='📋 Báo Cáo 49 Ngày'!O188 | I81: ='📋 Báo Cáo 49 Ngày'!P188
A82: 5 | B82: Quỳnh Thu | C82: ='📋 Báo Cáo 49 Ngày'!G189 | D82: ='📋 Báo Cáo 49 Ngày'!I189 | E82: ='📋 Báo Cáo 49 Ngày'!K189 | F82: ='📋 Báo Cáo 49 Ngày'!M189 | G82: =IF(COUNTIF('📋 Báo Cáo 49 Ngày'!H189:N189, "<>")>0, "🖼️ Có kèm ảnh", "—") | H82: ='📋 Báo Cáo 49 Ngày'!O189 | I82: ='📋 Báo Cáo 49 Ngày'!P189
A83: 6 | B83: TanAnh Pham | C83: ='📋 Báo Cáo 49 Ngày'!G190 | D83: ='📋 Báo Cáo 49 Ngày'!I190 | E83: ='📋 Báo Cáo 49 Ngày'!K190 | F83: ='📋 Báo Cáo 49 Ngày'!M190 | G83: =IF(COUNTIF('📋 Báo Cáo 49 Ngày'!H190:N190, "<>")>0, "🖼️ Có kèm ảnh", "—") | H83: ='📋 Báo Cáo 49 Ngày'!O190 | I83: ='📋 Báo Cáo 49 Ngày'!P190
A84: 7 | B84: Thảo Collins Edu | C84: ='📋 Báo Cáo 49 Ngày'!G191 | D84: ='📋 Báo Cáo 49 Ngày'!I191 | E84: ='📋 Báo Cáo 49 Ngày'!K191 | F84: ='📋 Báo Cáo 49 Ngày'!M191 | G84: =IF(COUNTIF('📋 Báo Cáo 49 Ngày'!H191:N191, "<>")>0, "🖼️ Có kèm ảnh", "—") | H84: ='📋 Báo Cáo 49 Ngày'!O191 | I84: ='📋 Báo Cáo 49 Ngày'!P191
A85: 8 | B85: Trần Quế Lam | C85: ='📋 Báo Cáo 49 Ngày'!G192 | D85: ='📋 Báo Cáo 49 Ngày'!I192 | E85: ='📋 Báo Cáo 49 Ngày'!K192 | F85: ='📋 Báo Cáo 49 Ngày'!M192 | G85: =IF(COUNTIF('📋 Báo Cáo 49 Ngày'!H192:N192, "<>")>0, "🖼️ Có kèm ảnh", "—") | H85: ='📋 Báo Cáo 49 Ngày'!O192 | I85: ='📋 Báo Cáo 49 Ngày'!P192
A86: 9 | B86: Phạm Huyền | C86: ='📋 Báo Cáo 49 Ngày'!G193 | D86: ='📋 Báo Cáo 49 Ngày'!I193 | E86: ='📋 Báo Cáo 49 Ngày'!K193 | F86: ='📋 Báo Cáo 49 Ngày'!M193 | G86: =IF(COUNTIF('📋 Báo Cáo 49 Ngày'!H193:N193, "<>")>0, "🖼️ Có kèm ảnh", "—") | H86: ='📋 Báo Cáo 49 Ngày'!O193 | I86: ='📋 Báo Cáo 49 Ngày'!P193

Sheet Tuần 4
A1: 📅 TUẦN 4 (29/09 - 05/10/2026) - BÁO CÁO 9 THÀNH VIÊN
A4: 📍 THỨ 3 (29/09/2026) - NGÀY 22 / 49
A5: STT | B5: Thành Viên | C5: Reel (Link/Ảnh) | D5: Bài Viết 1 (Link/Ảnh) | E5: Bài Viết 2 (Link/Ảnh) | F5: Bài Tập Nhóm (Link/Ảnh) | G5: Chi Tiết Ảnh Minh Chứng | H5: Hoàn Thành | I5: Đánh Giá | J5: Ghi Chú
A6: 1 | B6: Nancy | C6: ='📋 Báo Cáo 49 Ngày'!G194 | D6: ='📋 Báo Cáo 49 Ngày'!I194 | E6: ='📋 Báo Cáo 49 Ngày'!K194 | F6: ='📋 Báo Cáo 49 Ngày'!M194 | G6: =IF(COUNTIF('📋 Báo Cáo 49 Ngày'!H194:N194, "<>")>0, "🖼️ Có kèm ảnh", "—") | H6: ='📋 Báo Cáo 49 Ngày'!O194 | I6: ='📋 Báo Cáo 49 Ngày'!P194
A7: 2 | B7: Hoài Học Mãi | C7: ='📋 Báo Cáo 49 Ngày'!G195 | D7: ='📋 Báo Cáo 49 Ngày'!I195 | E7: ='📋 Báo Cáo 49 Ngày'!K195 | F7: ='📋 Báo Cáo 49 Ngày'!M195 | G7: =IF(COUNTIF('📋 Báo Cáo 49 Ngày'!H195:N195, "<>")>0, "🖼️ Có kèm ảnh", "—") | H7: ='📋 Báo Cáo 49 Ngày'!O195 | I7: ='📋 Báo Cáo 49 Ngày'!P195
A8: 3 | B8: Lambee | C8: ='📋 Báo Cáo 49 Ngày'!G196 | D8: ='📋 Báo Cáo 49 Ngày'!I196 | E8: ='📋 Báo Cáo 49 Ngày'!K196 | F8: ='📋 Báo Cáo 49 Ngày'!M196 | G8: =IF(COUNTIF('📋 Báo Cáo 49 Ngày'!H196:N196, "<>")>0, "🖼️ Có kèm ảnh", "—") | H8: ='📋 Báo Cáo 49 Ngày'!O196 | I8: ='📋 Báo Cáo 49 Ngày'!P196
A9: 4 | B9: Nhung Hoàng | C9: ='📋 Báo Cáo 49 Ngày'!G197 | D9: ='📋 Báo Cáo 49 Ngày'!I197 | E9: ='📋 Báo Cáo 49 Ngày'!K197 | F9: ='📋 Báo Cáo 49 Ngày'!M197 | G9: =IF(COUNTIF('📋 Báo Cáo 49 Ngày'!H197:N197, "<>")>0, "🖼️ Có kèm ảnh", "—") | H9: ='📋 Báo Cáo 49 Ngày'!O197 | I9: ='📋 Báo Cáo 49 Ngày'!P197
A10: 5 | B10: Quỳnh Thu | C10: ='📋 Báo Cáo 49 Ngày'!G198 | D10: ='📋 Báo Cáo 49 Ngày'!I198 | E10: ='📋 Báo Cáo 49 Ngày'!K198 | F10: ='📋 Báo Cáo 49 Ngày'!M198 | G10: =IF(COUNTIF('📋 Báo Cáo 49 Ngày'!H198:N198, "<>")>0, "🖼️ Có kèm ảnh", "—") | H10: ='📋 Báo Cáo 49 Ngày'!O198 | I10: ='📋 Báo Cáo 49 Ngày'!P198
A11: 6 | B11: TanAnh Pham | C11: ='📋 Báo Cáo 49 Ngày'!G199 | D11: ='📋 Báo Cáo 49 Ngày'!I199 | E11: ='📋 Báo Cáo 49 Ngày'!K199 | F11: ='📋 Báo Cáo 49 Ngày'!M199 | G11: =IF(COUNTIF('📋 Báo Cáo 49 Ngày'!H199:N199, "<>")>0, "🖼️ Có kèm ảnh", "—") | H11: ='📋 Báo Cáo 49 Ngày'!O199 | I11: ='📋 Báo Cáo 49 Ngày'!P199
A12: 7 | B12: Thảo Collins Edu | C12: ='📋 Báo Cáo 49 Ngày'!G200 | D12: ='📋 Báo Cáo 49 Ngày'!I200 | E12: ='📋 Báo Cáo 49 Ngày'!K200 | F12: ='📋 Báo Cáo 49 Ngày'!M200 | G12: =IF(COUNTIF('📋 Báo Cáo 49 Ngày'!H200:N200, "<>")>0, "🖼️ Có kèm ảnh", "—") | H12: ='📋 Báo Cáo 49 Ngày'!O200 | I12: ='📋 Báo Cáo 49 Ngày'!P200
A13: 8 | B13: Trần Quế Lam | C13: ='📋 Báo Cáo 49 Ngày'!G201 | D13: ='📋 Báo Cáo 49 Ngày'!I201 | E13: ='📋 Báo Cáo 49 Ngày'!K201 | F13: ='📋 Báo Cáo 49 Ngày'!M201 | G13: =IF(COUNTIF('📋 Báo Cáo 49 Ngày'!H201:N201, "<>")>0, "🖼️ Có kèm ảnh", "—") | H13: ='📋 Báo Cáo 49 Ngày'!O201 | I13: ='📋 Báo Cáo 49 Ngày'!P201
A14: 9 | B14: Phạm Huyền | C14: ='📋 Báo Cáo 49 Ngày'!G202 | D14: ='📋 Báo Cáo 49 Ngày'!I202 | E14: ='📋 Báo Cáo 49 Ngày'!K202 | F14: ='📋 Báo Cáo 49 Ngày'!M202 | G14: =IF(COUNTIF('📋 Báo Cáo 49 Ngày'!H202:N202, "<>")>0, "🖼️ Có kèm ảnh", "—") | H14: ='📋 Báo Cáo 49 Ngày'!O202 | I14: ='📋 Báo Cáo 49 Ngày'!P202
A16: 📍 THỨ 4 (30/09/2026) - NGÀY 23 / 49
A17: STT | B17: Thành Viên | C17: Reel (Link/Ảnh) | D17: Bài Viết 1 (Link/Ảnh) | E17: Bài Viết 2 (Link/Ảnh) | F17: Bài Tập Nhóm (Link/Ảnh) | G17: Chi Tiết Ảnh Minh Chứng | H17: Hoàn Thành | I17: Đánh Giá | J17: Ghi Chú
A18: 1 | B18: Nancy | C18: ='📋 Báo Cáo 49 Ngày'!G203 | D18: ='📋 Báo Cáo 49 Ngày'!I203 | E18: ='📋 Báo Cáo 49 Ngày'!K203 | F18: ='📋 Báo Cáo 49 Ngày'!M203 | G18: =IF(COUNTIF('📋 Báo Cáo 49 Ngày'!H203:N203, "<>")>0, "🖼️ Có kèm ảnh", "—") | H18: ='📋 Báo Cáo 49 Ngày'!O203 | I18: ='📋 Báo Cáo 49 Ngày'!P203
A19: 2 | B19: Hoài Học Mãi | C19: ='📋 Báo Cáo 49 Ngày'!G204 | D19: ='📋 Báo Cáo 49 Ngày'!I204 | E19: ='📋 Báo Cáo 49 Ngày'!K204 | F19: ='📋 Báo Cáo 49 Ngày'!M204 | G19: =IF(COUNTIF('📋 Báo Cáo 49 Ngày'!H204:N204, "<>")>0, "🖼️ Có kèm ảnh", "—") | H19: ='📋 Báo Cáo 49 Ngày'!O204 | I19: ='📋 Báo Cáo 49 Ngày'!P204
A20: 3 | B20: Lambee | C20: ='📋 Báo Cáo 49 Ngày'!G205 | D20: ='📋 Báo Cáo 49 Ngày'!I205 | E20: ='📋 Báo Cáo 49 Ngày'!K205 | F20: ='📋 Báo Cáo 49 Ngày'!M205 | G20: =IF(COUNTIF('📋 Báo Cáo 49 Ngày'!H205:N205, "<>")>0, "🖼️ Có kèm ảnh", "—") | H20: ='📋 Báo Cáo 49 Ngày'!O205 | I20: ='📋 Báo Cáo 49 Ngày'!P205
A21: 4 | B21: Nhung Hoàng | C21: ='📋 Báo Cáo 49 Ngày'!G206 | D21: ='📋 Báo Cáo 49 Ngày'!I206 | E21: ='📋 Báo Cáo 49 Ngày'!K206 | F21: ='📋 Báo Cáo 49 Ngày'!M206 | G21: =IF(COUNTIF('📋 Báo Cáo 49 Ngày'!H206:N206, "<>")>0, "🖼️ Có kèm ảnh", "—") | H21: ='📋 Báo Cáo 49 Ngày'!O206 | I21: ='📋 Báo Cáo 49 Ngày'!P206
A22: 5 | B22: Quỳnh Thu | C22: ='📋 Báo Cáo 49 Ngày'!G207 | D22: ='📋 Báo Cáo 49 Ngày'!I207 | E22: ='📋 Báo Cáo 49 Ngày'!K207 | F22: ='📋 Báo Cáo 49 Ngày'!M207 | G22: =IF(COUNTIF('📋 Báo Cáo 49 Ngày'!H207:N207, "<>")>0, "🖼️ Có kèm ảnh", "—") | H22: ='📋 Báo Cáo 49 Ngày'!O207 | I22: ='📋 Báo Cáo 49 Ngày'!P207
A23: 6 | B23: TanAnh Pham | C23: ='📋 Báo Cáo 49 Ngày'!G208 | D23: ='📋 Báo Cáo 49 Ngày'!I208 | E23: ='📋 Báo Cáo 49 Ngày'!K208 | F23: ='📋 Báo Cáo 49 Ngày'!M208 | G23: =IF(COUNTIF('📋 Báo Cáo 49 Ngày'!H208:N208, "<>")>0, "🖼️ Có kèm ảnh", "—") | H23: ='📋 Báo Cáo 49 Ngày'!O208 | I23: ='📋 Báo Cáo 49 Ngày'!P208
A24: 7 | B24: Thảo Collins Edu | C24: ='📋 Báo Cáo 49 Ngày'!G209 | D24: ='📋 Báo Cáo 49 Ngày'!I209 | E24: ='📋 Báo Cáo 49 Ngày'!K209 | F24: ='📋 Báo Cáo 49 Ngày'!M209 | G24: =IF(COUNTIF('📋 Báo Cáo 49 Ngày'!H209:N209, "<>")>0, "🖼️ Có kèm ảnh", "—") | H24: ='📋 Báo Cáo 49 Ngày'!O209 | I24: ='📋 Báo Cáo 49 Ngày'!P209
A25: 8 | B25: Trần Quế Lam | C25: ='📋 Báo Cáo 49 Ngày'!G210 | D25: ='📋 Báo Cáo 49 Ngày'!I210 | E25: ='📋 Báo Cáo 49 Ngày'!K210 | F25: ='📋 Báo Cáo 49 Ngày'!M210 | G25: =IF(COUNTIF('📋 Báo Cáo 49 Ngày'!H210:N210, "<>")>0, "🖼️ Có kèm ảnh", "—") | H25: ='📋 Báo Cáo 49 Ngày'!O210 | I25: ='📋 Báo Cáo 49 Ngày'!P210
A26: 9 | B26: Phạm Huyền | C26: ='📋 Báo Cáo 49 Ngày'!G211 | D26: ='📋 Báo Cáo 49 Ngày'!I211 | E26: ='📋 Báo Cáo 49 Ngày'!K211 | F26: ='📋 Báo Cáo 49 Ngày'!M211 | G26: =IF(COUNTIF('📋 Báo Cáo 49 Ngày'!H211:N211, "<>")>0, "🖼️ Có kèm ảnh", "—") | H26: ='📋 Báo Cáo 49 Ngày'!O211 | I26: ='📋 Báo Cáo 49 Ngày'!P211
A28: 📍 THỨ 5 (01/10/2026) - NGÀY 24 / 49
A29: STT | B29: Thành Viên | C29: Reel (Link/Ảnh) | D29: Bài Viết 1 (Link/Ảnh) | E29: Bài Viết 2 (Link/Ảnh) | F29: Bài Tập Nhóm (Link/Ảnh) | G29: Chi Tiết Ảnh Minh Chứng | H29: Hoàn Thành | I29: Đánh Giá | J29: Ghi Chú
A30: 1 | B30: Nancy | C30: ='📋 Báo Cáo 49 Ngày'!G212 | D30: ='📋 Báo Cáo 49 Ngày'!I212 | E30: ='📋 Báo Cáo 49 Ngày'!K212 | F30: ='📋 Báo Cáo 49 Ngày'!M212 | G30: =IF(COUNTIF('📋 Báo Cáo 49 Ngày'!H212:N212, "<>")>0, "🖼️ Có kèm ảnh", "—") | H30: ='📋 Báo Cáo 49 Ngày'!O212 | I30: ='📋 Báo Cáo 49 Ngày'!P212
A31: 2 | B31: Hoài Học Mãi | C31: ='📋 Báo Cáo 49 Ngày'!G213 | D31: ='📋 Báo Cáo 49 Ngày'!I213 | E31: ='📋 Báo Cáo 49 Ngày'!K213 | F31: ='📋 Báo Cáo 49 Ngày'!M213 | G31: =IF(COUNTIF('📋 Báo Cáo 49 Ngày'!H213:N213, "<>")>0, "🖼️ Có kèm ảnh", "—") | H31: ='📋 Báo Cáo 49 Ngày'!O213 | I31: ='📋 Báo Cáo 49 Ngày'!P213
A32: 3 | B32: Lambee | C32: ='📋 Báo Cáo 49 Ngày'!G214 | D32: ='📋 Báo Cáo 49 Ngày'!I214 | E32: ='📋 Báo Cáo 49 Ngày'!K214 | F32: ='📋 Báo Cáo 49 Ngày'!M214 | G32: =IF(COUNTIF('📋 Báo Cáo 49 Ngày'!H214:N214, "<>")>0, "🖼️ Có kèm ảnh", "—") | H32: ='📋 Báo Cáo 49 Ngày'!O214 | I32: ='📋 Báo Cáo 49 Ngày'!P214
A33: 4 | B33: Nhung Hoàng | C33: ='📋 Báo Cáo 49 Ngày'!G215 | D33: ='📋 Báo Cáo 49 Ngày'!I215 | E33: ='📋 Báo Cáo 49 Ngày'!K215 | F33: ='📋 Báo Cáo 49 Ngày'!M215 | G33: =IF(COUNTIF('📋 Báo Cáo 49 Ngày'!H215:N215, "<>")>0, "🖼️ Có kèm ảnh", "—") | H33: ='📋 Báo Cáo 49 Ngày'!O215 | I33: ='📋 Báo Cáo 49 Ngày'!P215
A34: 5 | B34: Quỳnh Thu | C34: ='📋 Báo Cáo 49 Ngày'!G216 | D34: ='📋 Báo Cáo 49 Ngày'!I216 | E34: ='📋 Báo Cáo 49 Ngày'!K216 | F34: ='📋 Báo Cáo 49 Ngày'!M216 | G34: =IF(COUNTIF('📋 Báo Cáo 49 Ngày'!H216:N216, "<>")>0, "🖼️ Có kèm ảnh", "—") | H34: ='📋 Báo Cáo 49 Ngày'!O216 | I34: ='📋 Báo Cáo 49 Ngày'!P216
A35: 6 | B35: TanAnh Pham | C35: ='📋 Báo Cáo 49 Ngày'!G217 | D35: ='📋 Báo Cáo 49 Ngày'!I217 | E35: ='📋 Báo Cáo 49 Ngày'!K217 | F35: ='📋 Báo Cáo 49 Ngày'!M217 | G35: =IF(COUNTIF('📋 Báo Cáo 49 Ngày'!H217:N217, "<>")>0, "🖼️ Có kèm ảnh", "—") | H35: ='📋 Báo Cáo 49 Ngày'!O217 | I35: ='📋 Báo Cáo 49 Ngày'!P217
A36: 7 | B36: Thảo Collins Edu | C36: ='📋 Báo Cáo 49 Ngày'!G218 | D36: ='📋 Báo Cáo 49 Ngày'!I218 | E36: ='📋 Báo Cáo 49 Ngày'!K218 | F36: ='📋 Báo Cáo 49 Ngày'!M218 | G36: =IF(COUNTIF('📋 Báo Cáo 49 Ngày'!H218:N218, "<>")>0, "🖼️ Có kèm ảnh", "—") | H36: ='📋 Báo Cáo 49 Ngày'!O218 | I36: ='📋 Báo Cáo 49 Ngày'!P218
A37: 8 | B37: Trần Quế Lam | C37: ='📋 Báo Cáo 49 Ngày'!G219 | D37: ='📋 Báo Cáo 49 Ngày'!I219 | E37: ='📋 Báo Cáo 49 Ngày'!K219 | F37: ='📋 Báo Cáo 49 Ngày'!M219 | G37: =IF(COUNTIF('📋 Báo Cáo 49 Ngày'!H219:N219, "<>")>0, "🖼️ Có kèm ảnh", "—") | H37: ='📋 Báo Cáo 49 Ngày'!O219 | I37: ='📋 Báo Cáo 49 Ngày'!P219
A38: 9 | B38: Phạm Huyền | C38: ='📋 Báo Cáo 49 Ngày'!G220 | D38: ='📋 Báo Cáo 49 Ngày'!I220 | E38: ='📋 Báo Cáo 49 Ngày'!K220 | F38: ='📋 Báo Cáo 49 Ngày'!M220 | G38: =IF(COUNTIF('📋 Báo Cáo 49 Ngày'!H220:N220, "<>")>0, "🖼️ Có kèm ảnh", "—") | H38: ='📋 Báo Cáo 49 Ngày'!O220 | I38: ='📋 Báo Cáo 49 Ngày'!P220
A40: 📍 THỨ 6 (02/10/2026) - NGÀY 25 / 49
A41: STT | B41: Thành Viên | C41: Reel (Link/Ảnh) | D41: Bài Viết 1 (Link/Ảnh) | E41: Bài Viết 2 (Link/Ảnh) | F41: Bài Tập Nhóm (Link/Ảnh) | G41: Chi Tiết Ảnh Minh Chứng | H41: Hoàn Thành | I41: Đánh Giá | J41: Ghi Chú
A42: 1 | B42: Nancy | C42: ='📋 Báo Cáo 49 Ngày'!G221 | D42: ='📋 Báo Cáo 49 Ngày'!I221 | E42: ='📋 Báo Cáo 49 Ngày'!K221 | F42: ='📋 Báo Cáo 49 Ngày'!M221 | G42: =IF(COUNTIF('📋 Báo Cáo 49 Ngày'!H221:N221, "<>")>0, "🖼️ Có kèm ảnh", "—") | H42: ='📋 Báo Cáo 49 Ngày'!O221 | I42: ='📋 Báo Cáo 49 Ngày'!P221
A43: 2 | B43: Hoài Học Mãi | C43: ='📋 Báo Cáo 49 Ngày'!G222 | D43: ='📋 Báo Cáo 49 Ngày'!I222 | E43: ='📋 Báo Cáo 49 Ngày'!K222 | F43: ='📋 Báo Cáo 49 Ngày'!M222 | G43: =IF(COUNTIF('📋 Báo Cáo 49 Ngày'!H222:N222, "<>")>0, "🖼️ Có kèm ảnh", "—") | H43: ='📋 Báo Cáo 49 Ngày'!O222 | I43: ='📋 Báo Cáo 49 Ngày'!P222
A44: 3 | B44: Lambee | C44: ='📋 Báo Cáo 49 Ngày'!G223 | D44: ='📋 Báo Cáo 49 Ngày'!I223 | E44: ='📋 Báo Cáo 49 Ngày'!K223 | F44: ='📋 Báo Cáo 49 Ngày'!M223 | G44: =IF(COUNTIF('📋 Báo Cáo 49 Ngày'!H223:N223, "<>")>0, "🖼️ Có kèm ảnh", "—") | H44: ='📋 Báo Cáo 49 Ngày'!O223 | I44: ='📋 Báo Cáo 49 Ngày'!P223
A45: 4 | B45: Nhung Hoàng | C45: ='📋 Báo Cáo 49 Ngày'!G224 | D45: ='📋 Báo Cáo 49 Ngày'!I224 | E45: ='📋 Báo Cáo 49 Ngày'!K224 | F45: ='📋 Báo Cáo 49 Ngày'!M224 | G45: =IF(COUNTIF('📋 Báo Cáo 49 Ngày'!H224:N224, "<>")>0, "🖼️ Có kèm ảnh", "—") | H45: ='📋 Báo Cáo 49 Ngày'!O224 | I45: ='📋 Báo Cáo 49 Ngày'!P224
A46: 5 | B46: Quỳnh Thu | C46: ='📋 Báo Cáo 49 Ngày'!G225 | D46: ='📋 Báo Cáo 49 Ngày'!I225 | E46: ='📋 Báo Cáo 49 Ngày'!K225 | F46: ='📋 Báo Cáo 49 Ngày'!M225 | G46: =IF(COUNTIF('📋 Báo Cáo 49 Ngày'!H225:N225, "<>")>0, "🖼️ Có kèm ảnh", "—") | H46: ='📋 Báo Cáo 49 Ngày'!O225 | I46: ='📋 Báo Cáo 49 Ngày'!P225
A47: 6 | B47: TanAnh Pham | C47: ='📋 Báo Cáo 49 Ngày'!G226 | D47: ='📋 Báo Cáo 49 Ngày'!I226 | E47: ='📋 Báo Cáo 49 Ngày'!K226 | F47: ='📋 Báo Cáo 49 Ngày'!M226 | G47: =IF(COUNTIF('📋 Báo Cáo 49 Ngày'!H226:N226, "<>")>0, "🖼️ Có kèm ảnh", "—") | H47: ='📋 Báo Cáo 49 Ngày'!O226 | I47: ='📋 Báo Cáo 49 Ngày'!P226
A48: 7 | B48: Thảo Collins Edu | C48: ='📋 Báo Cáo 49 Ngày'!G227 | D48: ='📋 Báo Cáo 49 Ngày'!I227 | E48: ='📋 Báo Cáo 49 Ngày'!K227 | F48: ='📋 Báo Cáo 49 Ngày'!M227 | G48: =IF(COUNTIF('📋 Báo Cáo 49 Ngày'!H227:N227, "<>")>0, "🖼️ Có kèm ảnh", "—") | H48: ='📋 Báo Cáo 49 Ngày'!O227 | I48: ='📋 Báo Cáo 49 Ngày'!P227
A49: 8 | B49: Trần Quế Lam | C49: ='📋 Báo Cáo 49 Ngày'!G228 | D49: ='📋 Báo Cáo 49 Ngày'!I228 | E49: ='📋 Báo Cáo 49 Ngày'!K228 | F49: ='📋 Báo Cáo 49 Ngày'!M228 | G49: =IF(COUNTIF('📋 Báo Cáo 49 Ngày'!H228:N228, "<>")>0, "🖼️ Có kèm ảnh", "—") | H49: ='📋 Báo Cáo 49 Ngày'!O228 | I49: ='📋 Báo Cáo 49 Ngày'!P228
A50: 9 | B50: Phạm Huyền | C50: ='📋 Báo Cáo 49 Ngày'!G229 | D50: ='📋 Báo Cáo 49 Ngày'!I229 | E50: ='📋 Báo Cáo 49 Ngày'!K229 | F50: ='📋 Báo Cáo 49 Ngày'!M229 | G50: =IF(COUNTIF('📋 Báo Cáo 49 Ngày'!H229:N229, "<>")>0, "🖼️ Có kèm ảnh", "—") | H50: ='📋 Báo Cáo 49 Ngày'!O229 | I50: ='📋 Báo Cáo 49 Ngày'!P229
A52: 📍 THỨ 7 (03/10/2026) - NGÀY 26 / 49
A53: STT | B53: Thành Viên | C53: Reel (Link/Ảnh) | D53: Bài Viết 1 (Link/Ảnh) | E53: Bài Viết 2 (Link/Ảnh) | F53: Bài Tập Nhóm (Link/Ảnh) | G53: Chi Tiết Ảnh Minh Chứng | H53: Hoàn Thành | I53: Đánh Giá | J53: Ghi Chú
A54: 1 | B54: Nancy | C54: ='📋 Báo Cáo 49 Ngày'!G230 | D54: ='📋 Báo Cáo 49 Ngày'!I230 | E54: ='📋 Báo Cáo 49 Ngày'!K230 | F54: ='📋 Báo Cáo 49 Ngày'!M230 | G54: =IF(COUNTIF('📋 Báo Cáo 49 Ngày'!H230:N230, "<>")>0, "🖼️ Có kèm ảnh", "—") | H54: ='📋 Báo Cáo 49 Ngày'!O230 | I54: ='📋 Báo Cáo 49 Ngày'!P230
A55: 2 | B55: Hoài Học Mãi | C55: ='📋 Báo Cáo 49 Ngày'!G231 | D55: ='📋 Báo Cáo 49 Ngày'!I231 | E55: ='📋 Báo Cáo 49 Ngày'!K231 | F55: ='📋 Báo Cáo 49 Ngày'!M231 | G55: =IF(COUNTIF('📋 Báo Cáo 49 Ngày'!H231:N231, "<>")>0, "🖼️ Có kèm ảnh", "—") | H55: ='📋 Báo Cáo 49 Ngày'!O231 | I55: ='📋 Báo Cáo 49 Ngày'!P231
A56: 3 | B56: Lambee | C56: ='📋 Báo Cáo 49 Ngày'!G232 | D56: ='📋 Báo Cáo 49 Ngày'!I232 | E56: ='📋 Báo Cáo 49 Ngày'!K232 | F56: ='📋 Báo Cáo 49 Ngày'!M232 | G56: =IF(COUNTIF('📋 Báo Cáo 49 Ngày'!H232:N232, "<>")>0, "🖼️ Có kèm ảnh", "—") | H56: ='📋 Báo Cáo 49 Ngày'!O232 | I56: ='📋 Báo Cáo 49 Ngày'!P232
A57: 4 | B57: Nhung Hoàng | C57: ='📋 Báo Cáo 49 Ngày'!G233 | D57: ='📋 Báo Cáo 49 Ngày'!I233 | E57: ='📋 Báo Cáo 49 Ngày'!K233 | F57: ='📋 Báo Cáo 49 Ngày'!M233 | G57: =IF(COUNTIF('📋 Báo Cáo 49 Ngày'!H233:N233, "<>")>0, "🖼️ Có kèm ảnh", "—") | H57: ='📋 Báo Cáo 49 Ngày'!O233 | I57: ='📋 Báo Cáo 49 Ngày'!P233
A58: 5 | B58: Quỳnh Thu | C58: ='📋 Báo Cáo 49 Ngày'!G234 | D58: ='📋 Báo Cáo 49 Ngày'!I234 | E58: ='📋 Báo Cáo 49 Ngày'!K234 | F58: ='📋 Báo Cáo 49 Ngày'!M234 | G58: =IF(COUNTIF('📋 Báo Cáo 49 Ngày'!H234:N234, "<>")>0, "🖼️ Có kèm ảnh", "—") | H58: ='📋 Báo Cáo 49 Ngày'!O234 | I58: ='📋 Báo Cáo 49 Ngày'!P234
A59: 6 | B59: TanAnh Pham | C59: ='📋 Báo Cáo 49 Ngày'!G235 | D59: ='📋 Báo Cáo 49 Ngày'!I235 | E59: ='📋 Báo Cáo 49 Ngày'!K235 | F59: ='📋 Báo Cáo 49 Ngày'!M235 | G59: =IF(COUNTIF('📋 Báo Cáo 49 Ngày'!H235:N235, "<>")>0, "🖼️ Có kèm ảnh", "—") | H59: ='📋 Báo Cáo 49 Ngày'!O235 | I59: ='📋 Báo Cáo 49 Ngày'!P235
A60: 7 | B60: Thảo Collins Edu | C60: ='📋 Báo Cáo 49 Ngày'!G236 | D60: ='📋 Báo Cáo 49 Ngày'!I236 | E60: ='📋 Báo Cáo 49 Ngày'!K236 | F60: ='📋 Báo Cáo 49 Ngày'!M236 | G60: =IF(COUNTIF('📋 Báo Cáo 49 Ngày'!H236:N236, "<>")>0, "🖼️ Có kèm ảnh", "—") | H60: ='📋 Báo Cáo 49 Ngày'!O236 | I60: ='📋 Báo Cáo 49 Ngày'!P236
A61: 8 | B61: Trần Quế Lam | C61: ='📋 Báo Cáo 49 Ngày'!G237 | D61: ='📋 Báo Cáo 49 Ngày'!I237 | E61: ='📋 Báo Cáo 49 Ngày'!K237 | F61: ='📋 Báo Cáo 49 Ngày'!M237 | G61: =IF(COUNTIF('📋 Báo Cáo 49 Ngày'!H237:N237, "<>")>0, "🖼️ Có kèm ảnh", "—") | H61: ='📋 Báo Cáo 49 Ngày'!O237 | I61: ='📋 Báo Cáo 49 Ngày'!P237
A62: 9 | B62: Phạm Huyền | C62: ='📋 Báo Cáo 49 Ngày'!G238 | D62: ='📋 Báo Cáo 49 Ngày'!I238 | E62: ='📋 Báo Cáo 49 Ngày'!K238 | F62: ='📋 Báo Cáo 49 Ngày'!M238 | G62: =IF(COUNTIF('📋 Báo Cáo 49 Ngày'!H238:N238, "<>")>0, "🖼️ Có kèm ảnh", "—") | H62: ='📋 Báo Cáo 49 Ngày'!O238 | I62: ='📋 Báo Cáo 49 Ngày'!P238
A64: 📍 CHỦ NHẬT (04/10/2026) - NGÀY 27 / 49
A65: STT | B65: Thành Viên | C65: Reel (Link/Ảnh) | D65: Bài Viết 1 (Link/Ảnh) | E65: Bài Viết 2 (Link/Ảnh) | F65: Bài Tập Nhóm (Link/Ảnh) | G65: Chi Tiết Ảnh Minh Chứng | H65: Hoàn Thành | I65: Đánh Giá | J65: Ghi Chú
A66: 1 | B66: Nancy | C66: ='📋 Báo Cáo 49 Ngày'!G239 | D66: ='📋 Báo Cáo 49 Ngày'!I239 | E66: ='📋 Báo Cáo 49 Ngày'!K239 | F66: ='📋 Báo Cáo 49 Ngày'!M239 | G66: =IF(COUNTIF('📋 Báo Cáo 49 Ngày'!H239:N239, "<>")>0, "🖼️ Có kèm ảnh", "—") | H66: ='📋 Báo Cáo 49 Ngày'!O239 | I66: ='📋 Báo Cáo 49 Ngày'!P239
A67: 2 | B67: Hoài Học Mãi | C67: ='📋 Báo Cáo 49 Ngày'!G240 | D67: ='📋 Báo Cáo 49 Ngày'!I240 | E67: ='📋 Báo Cáo 49 Ngày'!K240 | F67: ='📋 Báo Cáo 49 Ngày'!M240 | G67: =IF(COUNTIF('📋 Báo Cáo 49 Ngày'!H240:N240, "<>")>0, "🖼️ Có kèm ảnh", "—") | H67: ='📋 Báo Cáo 49 Ngày'!O240 | I67: ='📋 Báo Cáo 49 Ngày'!P240
A68: 3 | B68: Lambee | C68: ='📋 Báo Cáo 49 Ngày'!G241 | D68: ='📋 Báo Cáo 49 Ngày'!I241 | E68: ='📋 Báo Cáo 49 Ngày'!K241 | F68: ='📋 Báo Cáo 49 Ngày'!M241 | G68: =IF(COUNTIF('📋 Báo Cáo 49 Ngày'!H241:N241, "<>")>0, "🖼️ Có kèm ảnh", "—") | H68: ='📋 Báo Cáo 49 Ngày'!O241 | I68: ='📋 Báo Cáo 49 Ngày'!P241
A69: 4 | B69: Nhung Hoàng | C69: ='📋 Báo Cáo 49 Ngày'!G242 | D69: ='📋 Báo Cáo 49 Ngày'!I242 | E69: ='📋 Báo Cáo 49 Ngày'!K242 | F69: ='📋 Báo Cáo 49 Ngày'!M242 | G69: =IF(COUNTIF('📋 Báo Cáo 49 Ngày'!H242:N242, "<>")>0, "🖼️ Có kèm ảnh", "—") | H69: ='📋 Báo Cáo 49 Ngày'!O242 | I69: ='📋 Báo Cáo 49 Ngày'!P242
A70: 5 | B70: Quỳnh Thu | C70: ='📋 Báo Cáo 49 Ngày'!G243 | D70: ='📋 Báo Cáo 49 Ngày'!I243 | E70: ='📋 Báo Cáo 49 Ngày'!K243 | F70: ='📋 Báo Cáo 49 Ngày'!M243 | G70: =IF(COUNTIF('📋 Báo Cáo 49 Ngày'!H243:N243, "<>")>0, "🖼️ Có kèm ảnh", "—") | H70: ='📋 Báo Cáo 49 Ngày'!O243 | I70: ='📋 Báo Cáo 49 Ngày'!P243
A71: 6 | B71: TanAnh Pham | C71: ='📋 Báo Cáo 49 Ngày'!G244 | D71: ='📋 Báo Cáo 49 Ngày'!I244 | E71: ='📋 Báo Cáo 49 Ngày'!K244 | F71: ='📋 Báo Cáo 49 Ngày'!M244 | G71: =IF(COUNTIF('📋 Báo Cáo 49 Ngày'!H244:N244, "<>")>0, "🖼️ Có kèm ảnh", "—") | H71: ='📋 Báo Cáo 49 Ngày'!O244 | I71: ='📋 Báo Cáo 49 Ngày'!P244
A72: 7 | B72: Thảo Collins Edu | C72: ='📋 Báo Cáo 49 Ngày'!G245 | D72: ='📋 Báo Cáo 49 Ngày'!I245 | E72: ='📋 Báo Cáo 49 Ngày'!K245 | F72: ='📋 Báo Cáo 49 Ngày'!M245 | G72: =IF(COUNTIF('📋 Báo Cáo 49 Ngày'!H245:N245, "<>")>0, "🖼️ Có kèm ảnh", "—") | H72: ='📋 Báo Cáo 49 Ngày'!O245 | I72: ='📋 Báo Cáo 49 Ngày'!P245
A73: 8 | B73: Trần Quế Lam | C73: ='📋 Báo Cáo 49 Ngày'!G246 | D73: ='📋 Báo Cáo 49 Ngày'!I246 | E73: ='📋 Báo Cáo 49 Ngày'!K246 | F73: ='📋 Báo Cáo 49 Ngày'!M246 | G73: =IF(COUNTIF('📋 Báo Cáo 49 Ngày'!H246:N246, "<>")>0, "🖼️ Có kèm ảnh", "—") | H73: ='📋 Báo Cáo 49 Ngày'!O246 | I73: ='📋 Báo Cáo 49 Ngày'!P246
A74: 9 | B74: Phạm Huyền | C74: ='📋 Báo Cáo 49 Ngày'!G247 | D74: ='📋 Báo Cáo 49 Ngày'!I247 | E74: ='📋 Báo Cáo 49 Ngày'!K247 | F74: ='📋 Báo Cáo 49 Ngày'!M247 | G74: =IF(COUNTIF('📋 Báo Cáo 49 Ngày'!H247:N247, "<>")>0, "🖼️ Có kèm ảnh", "—") | H74: ='📋 Báo Cáo 49 Ngày'!O247 | I74: ='📋 Báo Cáo 49 Ngày'!P247
A76: 📍 THỨ 2 (05/10/2026) - NGÀY 28 / 49
A77: STT | B77: Thành Viên | C77: Reel (Link/Ảnh) | D77: Bài Viết 1 (Link/Ảnh) | E77: Bài Viết 2 (Link/Ảnh) | F77: Bài Tập Nhóm (Link/Ảnh) | G77: Chi Tiết Ảnh Minh Chứng | H77: Hoàn Thành | I77: Đánh Giá | J77: Ghi Chú
A78: 1 | B78: Nancy | C78: ='📋 Báo Cáo 49 Ngày'!G248 | D78: ='📋 Báo Cáo 49 Ngày'!I248 | E78: ='📋 Báo Cáo 49 Ngày'!K248 | F78: ='📋 Báo Cáo 49 Ngày'!M248 | G78: =IF(COUNTIF('📋 Báo Cáo 49 Ngày'!H248:N248, "<>")>0, "🖼️ Có kèm ảnh", "—") | H78: ='📋 Báo Cáo 49 Ngày'!O248 | I78: ='📋 Báo Cáo 49 Ngày'!P248
A79: 2 | B79: Hoài Học Mãi | C79: ='📋 Báo Cáo 49 Ngày'!G249 | D79: ='📋 Báo Cáo 49 Ngày'!I249 | E79: ='📋 Báo Cáo 49 Ngày'!K249 | F79: ='📋 Báo Cáo 49 Ngày'!M249 | G79: =IF(COUNTIF('📋 Báo Cáo 49 Ngày'!H249:N249, "<>")>0, "🖼️ Có kèm ảnh", "—") | H79: ='📋 Báo Cáo 49 Ngày'!O249 | I79: ='📋 Báo Cáo 49 Ngày'!P249
A80: 3 | B80: Lambee | C80: ='📋 Báo Cáo 49 Ngày'!G250 | D80: ='📋 Báo Cáo 49 Ngày'!I250 | E80: ='📋 Báo Cáo 49 Ngày'!K250 | F80: ='📋 Báo Cáo 49 Ngày'!M250 | G80: =IF(COUNTIF('📋 Báo Cáo 49 Ngày'!H250:N250, "<>")>0, "🖼️ Có kèm ảnh", "—") | H80: ='📋 Báo Cáo 49 Ngày'!O250 | I80: ='📋 Báo Cáo 49 Ngày'!P250
A81: 4 | B81: Nhung Hoàng | C81: ='📋 Báo Cáo 49 Ngày'!G251 | D81: ='📋 Báo Cáo 49 Ngày'!I251 | E81: ='📋 Báo Cáo 49 Ngày'!K251 | F81: ='📋 Báo Cáo 49 Ngày'!M251 | G81: =IF(COUNTIF('📋 Báo Cáo 49 Ngày'!H251:N251, "<>")>0, "🖼️ Có kèm ảnh", "—") | H81: ='📋 Báo Cáo 49 Ngày'!O251 | I81: ='📋 Báo Cáo 49 Ngày'!P251
A82: 5 | B82: Quỳnh Thu | C82: ='📋 Báo Cáo 49 Ngày'!G252 | D82: ='📋 Báo Cáo 49 Ngày'!I252 | E82: ='📋 Báo Cáo 49 Ngày'!K252 | F82: ='📋 Báo Cáo 49 Ngày'!M252 | G82: =IF(COUNTIF('📋 Báo Cáo 49 Ngày'!H252:N252, "<>")>0, "🖼️ Có kèm ảnh", "—") | H82: ='📋 Báo Cáo 49 Ngày'!O252 | I82: ='📋 Báo Cáo 49 Ngày'!P252
A83: 6 | B83: TanAnh Pham | C83: ='📋 Báo Cáo 49 Ngày'!G253 | D83: ='📋 Báo Cáo 49 Ngày'!I253 | E83: ='📋 Báo Cáo 49 Ngày'!K253 | F83: ='📋 Báo Cáo 49 Ngày'!M253 | G83: =IF(COUNTIF('📋 Báo Cáo 49 Ngày'!H253:N253, "<>")>0, "🖼️ Có kèm ảnh", "—") | H83: ='📋 Báo Cáo 49 Ngày'!O253 | I83: ='📋 Báo Cáo 49 Ngày'!P253
A84: 7 | B84: Thảo Collins Edu | C84: ='📋 Báo Cáo 49 Ngày'!G254 | D84: ='📋 Báo Cáo 49 Ngày'!I254 | E84: ='📋 Báo Cáo 49 Ngày'!K254 | F84: ='📋 Báo Cáo 49 Ngày'!M254 | G84: =IF(COUNTIF('📋 Báo Cáo 49 Ngày'!H254:N254, "<>")>0, "🖼️ Có kèm ảnh", "—") | H84: ='📋 Báo Cáo 49 Ngày'!O254 | I84: ='📋 Báo Cáo 49 Ngày'!P254
A85: 8 | B85: Trần Quế Lam | C85: ='📋 Báo Cáo 49 Ngày'!G255 | D85: ='📋 Báo Cáo 49 Ngày'!I255 | E85: ='📋 Báo Cáo 49 Ngày'!K255 | F85: ='📋 Báo Cáo 49 Ngày'!M255 | G85: =IF(COUNTIF('📋 Báo Cáo 49 Ngày'!H255:N255, "<>")>0, "🖼️ Có kèm ảnh", "—") | H85: ='📋 Báo Cáo 49 Ngày'!O255 | I85: ='📋 Báo Cáo 49 Ngày'!P255
A86: 9 | B86: Phạm Huyền | C86: ='📋 Báo Cáo 49 Ngày'!G256 | D86: ='📋 Báo Cáo 49 Ngày'!I256 | E86: ='📋 Báo Cáo 49 Ngày'!K256 | F86: ='📋 Báo Cáo 49 Ngày'!M256 | G86: =IF(COUNTIF('📋 Báo Cáo 49 Ngày'!H256:N256, "<>")>0, "🖼️ Có kèm ảnh", "—") | H86: ='📋 Báo Cáo 49 Ngày'!O256 | I86: ='📋 Báo Cáo 49 Ngày'!P256

Sheet Tuần 5
A1: 📅 TUẦN 5 (06/10 - 12/10/2026) - BÁO CÁO 9 THÀNH VIÊN
A4: 📍 THỨ 3 (06/10/2026) - NGÀY 29 / 49
A5: STT | B5: Thành Viên | C5: Reel (Link/Ảnh) | D5: Bài Viết 1 (Link/Ảnh) | E5: Bài Viết 2 (Link/Ảnh) | F5: Bài Tập Nhóm (Link/Ảnh) | G5: Chi Tiết Ảnh Minh Chứng | H5: Hoàn Thành | I5: Đánh Giá | J5: Ghi Chú
A6: 1 | B6: Nancy | C6: ='📋 Báo Cáo 49 Ngày'!G257 | D6: ='📋 Báo Cáo 49 Ngày'!I257 | E6: ='📋 Báo Cáo 49 Ngày'!K257 | F6: ='📋 Báo Cáo 49 Ngày'!M257 | G6: =IF(COUNTIF('📋 Báo Cáo 49 Ngày'!H257:N257, "<>")>0, "🖼️ Có kèm ảnh", "—") | H6: ='📋 Báo Cáo 49 Ngày'!O257 | I6: ='📋 Báo Cáo 49 Ngày'!P257
A7: 2 | B7: Hoài Học Mãi | C7: ='📋 Báo Cáo 49 Ngày'!G258 | D7: ='📋 Báo Cáo 49 Ngày'!I258 | E7: ='📋 Báo Cáo 49 Ngày'!K258 | F7: ='📋 Báo Cáo 49 Ngày'!M258 | G7: =IF(COUNTIF('📋 Báo Cáo 49 Ngày'!H258:N258, "<>")>0, "🖼️ Có kèm ảnh", "—") | H7: ='📋 Báo Cáo 49 Ngày'!O258 | I7: ='📋 Báo Cáo 49 Ngày'!P258
A8: 3 | B8: Lambee | C8: ='📋 Báo Cáo 49 Ngày'!G259 | D8: ='📋 Báo Cáo 49 Ngày'!I259 | E8: ='📋 Báo Cáo 49 Ngày'!K259 | F8: ='📋 Báo Cáo 49 Ngày'!M259 | G8: =IF(COUNTIF('📋 Báo Cáo 49 Ngày'!H259:N259, "<>")>0, "🖼️ Có kèm ảnh", "—") | H8: ='📋 Báo Cáo 49 Ngày'!O259 | I8: ='📋 Báo Cáo 49 Ngày'!P259
A9: 4 | B9: Nhung Hoàng | C9: ='📋 Báo Cáo 49 Ngày'!G260 | D9: ='📋 Báo Cáo 49 Ngày'!I260 | E9: ='📋 Báo Cáo 49 Ngày'!K260 | F9: ='📋 Báo Cáo 49 Ngày'!M260 | G9: =IF(COUNTIF('📋 Báo Cáo 49 Ngày'!H260:N260, "<>")>0, "🖼️ Có kèm ảnh", "—") | H9: ='📋 Báo Cáo 49 Ngày'!O260 | I9: ='📋 Báo Cáo 49 Ngày'!P260
A10: 5 | B10: Quỳnh Thu | C10: ='📋 Báo Cáo 49 Ngày'!G261 | D10: ='📋 Báo Cáo 49 Ngày'!I261 | E10: ='📋 Báo Cáo 49 Ngày'!K261 | F10: ='📋 Báo Cáo 49 Ngày'!M261 | G10: =IF(COUNTIF('📋 Báo Cáo 49 Ngày'!H261:N261, "<>")>0, "🖼️ Có kèm ảnh", "—") | H10: ='📋 Báo Cáo 49 Ngày'!O261 | I10: ='📋 Báo Cáo 49 Ngày'!P261
A11: 6 | B11: TanAnh Pham | C11: ='📋 Báo Cáo 49 Ngày'!G262 | D11: ='📋 Báo Cáo 49 Ngày'!I262 | E11: ='📋 Báo Cáo 49 Ngày'!K262 | F11: ='📋 Báo Cáo 49 Ngày'!M262 | G11: =IF(COUNTIF('📋 Báo Cáo 49 Ngày'!H262:N262, "<>")>0, "🖼️ Có kèm ảnh", "—") | H11: ='📋 Báo Cáo 49 Ngày'!O262 | I11: ='📋 Báo Cáo 49 Ngày'!P262
A12: 7 | B12: Thảo Collins Edu | C12: ='📋 Báo Cáo 49 Ngày'!G263 | D12: ='📋 Báo Cáo 49 Ngày'!I263 | E12: ='📋 Báo Cáo 49 Ngày'!K263 | F12: ='📋 Báo Cáo 49 Ngày'!M263 | G12: =IF(COUNTIF('📋 Báo Cáo 49 Ngày'!H263:N263, "<>")>0, "🖼️ Có kèm ảnh", "—") | H12: ='📋 Báo Cáo 49 Ngày'!O263 | I12: ='📋 Báo Cáo 49 Ngày'!P263
A13: 8 | B13: Trần Quế Lam | C13: ='📋 Báo Cáo 49 Ngày'!G264 | D13: ='📋 Báo Cáo 49 Ngày'!I264 | E13: ='📋 Báo Cáo 49 Ngày'!K264 | F13: ='📋 Báo Cáo 49 Ngày'!M264 | G13: =IF(COUNTIF('📋 Báo Cáo 49 Ngày'!H264:N264, "<>")>0, "🖼️ Có kèm ảnh", "—") | H13: ='📋 Báo Cáo 49 Ngày'!O264 | I13: ='📋 Báo Cáo 49 Ngày'!P264
A14: 9 | B14: Phạm Huyền | C14: ='📋 Báo Cáo 49 Ngày'!G265 | D14: ='📋 Báo Cáo 49 Ngày'!I265 | E14: ='📋 Báo Cáo 49 Ngày'!K265 | F14: ='📋 Báo Cáo 49 Ngày'!M265 | G14: =IF(COUNTIF('📋 Báo Cáo 49 Ngày'!H265:N265, "<>")>0, "🖼️ Có kèm ảnh", "—") | H14: ='📋 Báo Cáo 49 Ngày'!O265 | I14: ='📋 Báo Cáo 49 Ngày'!P265
A16: 📍 THỨ 4 (07/10/2026) - NGÀY 30 / 49
A17: STT | B17: Thành Viên | C17: Reel (Link/Ảnh) | D17: Bài Viết 1 (Link/Ảnh) | E17: Bài Viết 2 (Link/Ảnh) | F17: Bài Tập Nhóm (Link/Ảnh) | G17: Chi Tiết Ảnh Minh Chứng | H17: Hoàn Thành | I17: Đánh Giá | J17: Ghi Chú
A18: 1 | B18: Nancy | C18: ='📋 Báo Cáo 49 Ngày'!G266 | D18: ='📋 Báo Cáo 49 Ngày'!I266 | E18: ='📋 Báo Cáo 49 Ngày'!K266 | F18: ='📋 Báo Cáo 49 Ngày'!M266 | G18: =IF(COUNTIF('📋 Báo Cáo 49 Ngày'!H266:N266, "<>")>0, "🖼️ Có kèm ảnh", "—") | H18: ='📋 Báo Cáo 49 Ngày'!O266 | I18: ='📋 Báo Cáo 49 Ngày'!P266
A19: 2 | B19: Hoài Học Mãi | C19: ='📋 Báo Cáo 49 Ngày'!G267 | D19: ='📋 Báo Cáo 49 Ngày'!I267 | E19: ='📋 Báo Cáo 49 Ngày'!K267 | F19: ='📋 Báo Cáo 49 Ngày'!M267 | G19: =IF(COUNTIF('📋 Báo Cáo 49 Ngày'!H267:N267, "<>")>0, "🖼️ Có kèm ảnh", "—") | H19: ='📋 Báo Cáo 49 Ngày'!O267 | I19: ='📋 Báo Cáo 49 Ngày'!P267
A20: 3 | B20: Lambee | C20: ='📋 Báo Cáo 49 Ngày'!G268 | D20: ='📋 Báo Cáo 49 Ngày'!I268 | E20: ='📋 Báo Cáo 49 Ngày'!K268 | F20: ='📋 Báo Cáo 49 Ngày'!M268 | G20: =IF(COUNTIF('📋 Báo Cáo 49 Ngày'!H268:N268, "<>")>0, "🖼️ Có kèm ảnh", "—") | H20: ='📋 Báo Cáo 49 Ngày'!O268 | I20: ='📋 Báo Cáo 49 Ngày'!P268
A21: 4 | B21: Nhung Hoàng | C21: ='📋 Báo Cáo 49 Ngày'!G269 | D21: ='📋 Báo Cáo 49 Ngày'!I269 | E21: ='📋 Báo Cáo 49 Ngày'!K269 | F21: ='📋 Báo Cáo 49 Ngày'!M269 | G21: =IF(COUNTIF('📋 Báo Cáo 49 Ngày'!H269:N269, "<>")>0, "🖼️ Có kèm ảnh", "—") | H21: ='📋 Báo Cáo 49 Ngày'!O269 | I21: ='📋 Báo Cáo 49 Ngày'!P269
A22: 5 | B22: Quỳnh Thu | C22: ='📋 Báo Cáo 49 Ngày'!G270 | D22: ='📋 Báo Cáo 49 Ngày'!I270 | E22: ='📋 Báo Cáo 49 Ngày'!K270 | F22: ='📋 Báo Cáo 49 Ngày'!M270 | G22: =IF(COUNTIF('📋 Báo Cáo 49 Ngày'!H270:N270, "<>")>0, "🖼️ Có kèm ảnh", "—") | H22: ='📋 Báo Cáo 49 Ngày'!O270 | I22: ='📋 Báo Cáo 49 Ngày'!P270
A23: 6 | B23: TanAnh Pham | C23: ='📋 Báo Cáo 49 Ngày'!G271 | D23: ='📋 Báo Cáo 49 Ngày'!I271 | E23: ='📋 Báo Cáo 49 Ngày'!K271 | F23: ='📋 Báo Cáo 49 Ngày'!M271 | G23: =IF(COUNTIF('📋 Báo Cáo 49 Ngày'!H271:N271, "<>")>0, "🖼️ Có kèm ảnh", "—") | H23: ='📋 Báo Cáo 49 Ngày'!O271 | I23: ='📋 Báo Cáo 49 Ngày'!P271
A24: 7 | B24: Thảo Collins Edu | C24: ='📋 Báo Cáo 49 Ngày'!G272 | D24: ='📋 Báo Cáo 49 Ngày'!I272 | E24: ='📋 Báo Cáo 49 Ngày'!K272 | F24: ='📋 Báo Cáo 49 Ngày'!M272 | G24: =IF(COUNTIF('📋 Báo Cáo 49 Ngày'!H272:N272, "<>")>0, "🖼️ Có kèm ảnh", "—") | H24: ='📋 Báo Cáo 49 Ngày'!O272 | I24: ='📋 Báo Cáo 49 Ngày'!P272
A25: 8 | B25: Trần Quế Lam | C25: ='📋 Báo Cáo 49 Ngày'!G273 | D25: ='📋 Báo Cáo 49 Ngày'!I273 | E25: ='📋 Báo Cáo 49 Ngày'!K273 | F25: ='📋 Báo Cáo 49 Ngày'!M273 | G25: =IF(COUNTIF('📋 Báo Cáo 49 Ngày'!H273:N273, "<>")>0, "🖼️ Có kèm ảnh", "—") | H25: ='📋 Báo Cáo 49 Ngày'!O273 | I25: ='📋 Báo Cáo 49 Ngày'!P273
A26: 9 | B26: Phạm Huyền | C26: ='📋 Báo Cáo 49 Ngày'!G274 | D26: ='📋 Báo Cáo 49 Ngày'!I274 | E26: ='📋 Báo Cáo 49 Ngày'!K274 | F26: ='📋 Báo Cáo 49 Ngày'!M274 | G26: =IF(COUNTIF('📋 Báo Cáo 49 Ngày'!H274:N274, "<>")>0, "🖼️ Có kèm ảnh", "—") | H26: ='📋 Báo Cáo 49 Ngày'!O274 | I26: ='📋 Báo Cáo 49 Ngày'!P274
A28: 📍 THỨ 5 (08/10/2026) - NGÀY 31 / 49
A29: STT | B29: Thành Viên | C29: Reel (Link/Ảnh) | D29: Bài Viết 1 (Link/Ảnh) | E29: Bài Viết 2 (Link/Ảnh) | F29: Bài Tập Nhóm (Link/Ảnh) | G29: Chi Tiết Ảnh Minh Chứng | H29: Hoàn Thành | I29: Đánh Giá | J29: Ghi Chú
A30: 1 | B30: Nancy | C30: ='📋 Báo Cáo 49 Ngày'!G275 | D30: ='📋 Báo Cáo 49 Ngày'!I275 | E30: ='📋 Báo Cáo 49 Ngày'!K275 | F30: ='📋 Báo Cáo 49 Ngày'!M275 | G30: =IF(COUNTIF('📋 Báo Cáo 49 Ngày'!H275:N275, "<>")>0, "🖼️ Có kèm ảnh", "—") | H30: ='📋 Báo Cáo 49 Ngày'!O275 | I30: ='📋 Báo Cáo 49 Ngày'!P275
A31: 2 | B31: Hoài Học Mãi | C31: ='📋 Báo Cáo 49 Ngày'!G276 | D31: ='📋 Báo Cáo 49 Ngày'!I276 | E31: ='📋 Báo Cáo 49 Ngày'!K276 | F31: ='📋 Báo Cáo 49 Ngày'!M276 | G31: =IF(COUNTIF('📋 Báo Cáo 49 Ngày'!H276:N276, "<>")>0, "🖼️ Có kèm ảnh", "—") | H31: ='📋 Báo Cáo 49 Ngày'!O276 | I31: ='📋 Báo Cáo 49 Ngày'!P276
A32: 3 | B32: Lambee | C32: ='📋 Báo Cáo 49 Ngày'!G277 | D32: ='📋 Báo Cáo 49 Ngày'!I277 | E32: ='📋 Báo Cáo 49 Ngày'!K277 | F32: ='📋 Báo Cáo 49 Ngày'!M277 | G32: =IF(COUNTIF('📋 Báo Cáo 49 Ngày'!H277:N277, "<>")>0, "🖼️ Có kèm ảnh", "—") | H32: ='📋 Báo Cáo 49 Ngày'!O277 | I32: ='📋 Báo Cáo 49 Ngày'!P277
A33: 4 | B33: Nhung Hoàng | C33: ='📋 Báo Cáo 49 Ngày'!G278 | D33: ='📋 Báo Cáo 49 Ngày'!I278 | E33: ='📋 Báo Cáo 49 Ngày'!K278 | F33: ='📋 Báo Cáo 49 Ngày'!M278 | G33: =IF(COUNTIF('📋 Báo Cáo 49 Ngày'!H278:N278, "<>")>0, "🖼️ Có kèm ảnh", "—") | H33: ='📋 Báo Cáo 49 Ngày'!O278 | I33: ='📋 Báo Cáo 49 Ngày'!P278
A34: 5 | B34: Quỳnh Thu | C34: ='📋 Báo Cáo 49 Ngày'!G279 | D34: ='📋 Báo Cáo 49 Ngày'!I279 | E34: ='📋 Báo Cáo 49 Ngày'!K279 | F34: ='📋 Báo Cáo 49 Ngày'!M279 | G34: =IF(COUNTIF('📋 Báo Cáo 49 Ngày'!H279:N279, "<>")>0, "🖼️ Có kèm ảnh", "—") | H34: ='📋 Báo Cáo 49 Ngày'!O279 | I34: ='📋 Báo Cáo 49 Ngày'!P279
A35: 6 | B35: TanAnh Pham | C35: ='📋 Báo Cáo 49 Ngày'!G280 | D35: ='📋 Báo Cáo 49 Ngày'!I280 | E35: ='📋 Báo Cáo 49 Ngày'!K280 | F35: ='📋 Báo Cáo 49 Ngày'!M280 | G35: =IF(COUNTIF('📋 Báo Cáo 49 Ngày'!H280:N280, "<>")>0, "🖼️ Có kèm ảnh", "—") | H35: ='📋 Báo Cáo 49 Ngày'!O280 | I35: ='📋 Báo Cáo 49 Ngày'!P280
A36: 7 | B36: Thảo Collins Edu | C36: ='📋 Báo Cáo 49 Ngày'!G281 | D36: ='📋 Báo Cáo 49 Ngày'!I281 | E36: ='📋 Báo Cáo 49 Ngày'!K281 | F36: ='📋 Báo Cáo 49 Ngày'!M281 | G36: =IF(COUNTIF('📋 Báo Cáo 49 Ngày'!H281:N281, "<>")>0, "🖼️ Có kèm ảnh", "—") | H36: ='📋 Báo Cáo 49 Ngày'!O281 | I36: ='📋 Báo Cáo 49 Ngày'!P281
A37: 8 | B37: Trần Quế Lam | C37: ='📋 Báo Cáo 49 Ngày'!G282 | D37: ='📋 Báo Cáo 49 Ngày'!I282 | E37: ='📋 Báo Cáo 49 Ngày'!K282 | F37: ='📋 Báo Cáo 49 Ngày'!M282 | G37: =IF(COUNTIF('📋 Báo Cáo 49 Ngày'!H282:N282, "<>")>0, "🖼️ Có kèm ảnh", "—") | H37: ='📋 Báo Cáo 49 Ngày'!O282 | I37: ='📋 Báo Cáo 49 Ngày'!P282
A38: 9 | B38: Phạm Huyền | C38: ='📋 Báo Cáo 49 Ngày'!G283 | D38: ='📋 Báo Cáo 49 Ngày'!I283 | E38: ='📋 Báo Cáo 49 Ngày'!K283 | F38: ='📋 Báo Cáo 49 Ngày'!M283 | G38: =IF(COUNTIF('📋 Báo Cáo 49 Ngày'!H283:N283, "<>")>0, "🖼️ Có kèm ảnh", "—") | H38: ='📋 Báo Cáo 49 Ngày'!O283 | I38: ='📋 Báo Cáo 49 Ngày'!P283
A40: 📍 THỨ 6 (09/10/2026) - NGÀY 32 / 49
A41: STT | B41: Thành Viên | C41: Reel (Link/Ảnh) | D41: Bài Viết 1 (Link/Ảnh) | E41: Bài Viết 2 (Link/Ảnh) | F41: Bài Tập Nhóm (Link/Ảnh) | G41: Chi Tiết Ảnh Minh Chứng | H41: Hoàn Thành | I41: Đánh Giá | J41: Ghi Chú
A42: 1 | B42: Nancy | C42: ='📋 Báo Cáo 49 Ngày'!G284 | D42: ='📋 Báo Cáo 49 Ngày'!I284 | E42: ='📋 Báo Cáo 49 Ngày'!K284 | F42: ='📋 Báo Cáo 49 Ngày'!M284 | G42: =IF(COUNTIF('📋 Báo Cáo 49 Ngày'!H284:N284, "<>")>0, "🖼️ Có kèm ảnh", "—") | H42: ='📋 Báo Cáo 49 Ngày'!O284 | I42: ='📋 Báo Cáo 49 Ngày'!P284
A43: 2 | B43: Hoài Học Mãi | C43: ='📋 Báo Cáo 49 Ngày'!G285 | D43: ='📋 Báo Cáo 49 Ngày'!I285 | E43: ='📋 Báo Cáo 49 Ngày'!K285 | F43: ='📋 Báo Cáo 49 Ngày'!M285 | G43: =IF(COUNTIF('📋 Báo Cáo 49 Ngày'!H285:N285, "<>")>0, "🖼️ Có kèm ảnh", "—") | H43: ='📋 Báo Cáo 49 Ngày'!O285 | I43: ='📋 Báo Cáo 49 Ngày'!P285
A44: 3 | B44: Lambee | C44: ='📋 Báo Cáo 49 Ngày'!G286 | D44: ='📋 Báo Cáo 49 Ngày'!I286 | E44: ='📋 Báo Cáo 49 Ngày'!K286 | F44: ='📋 Báo Cáo 49 Ngày'!M286 | G44: =IF(COUNTIF('📋 Báo Cáo 49 Ngày'!H286:N286, "<>")>0, "🖼️ Có kèm ảnh", "—") | H44: ='📋 Báo Cáo 49 Ngày'!O286 | I44: ='📋 Báo Cáo 49 Ngày'!P286
A45: 4 | B45: Nhung Hoàng | C45: ='📋 Báo Cáo 49 Ngày'!G287 | D45: ='📋 Báo Cáo 49 Ngày'!I287 | E45: ='📋 Báo Cáo 49 Ngày'!K287 | F45: ='📋 Báo Cáo 49 Ngày'!M287 | G45: =IF(COUNTIF('📋 Báo Cáo 49 Ngày'!H287:N287, "<>")>0, "🖼️ Có kèm ảnh", "—") | H45: ='📋 Báo Cáo 49 Ngày'!O287 | I45: ='📋 Báo Cáo 49 Ngày'!P287
A46: 5 | B46: Quỳnh Thu | C46: ='📋 Báo Cáo 49 Ngày'!G288 | D46: ='📋 Báo Cáo 49 Ngày'!I288 | E46: ='📋 Báo Cáo 49 Ngày'!K288 | F46: ='📋 Báo Cáo 49 Ngày'!M288 | G46: =IF(COUNTIF('📋 Báo Cáo 49 Ngày'!H288:N288, "<>")>0, "🖼️ Có kèm ảnh", "—") | H46: ='📋 Báo Cáo 49 Ngày'!O288 | I46: ='📋 Báo Cáo 49 Ngày'!P288
A47: 6 | B47: TanAnh Pham | C47: ='📋 Báo Cáo 49 Ngày'!G289 | D47: ='📋 Báo Cáo 49 Ngày'!I289 | E47: ='📋 Báo Cáo 49 Ngày'!K289 | F47: ='📋 Báo Cáo 49 Ngày'!M289 | G47: =IF(COUNTIF('📋 Báo Cáo 49 Ngày'!H289:N289, "<>")>0, "🖼️ Có kèm ảnh", "—") | H47: ='📋 Báo Cáo 49 Ngày'!O289 | I47: ='📋 Báo Cáo 49 Ngày'!P289
A48: 7 | B48: Thảo Collins Edu | C48: ='📋 Báo Cáo 49 Ngày'!G290 | D48: ='📋 Báo Cáo 49 Ngày'!I290 | E48: ='📋 Báo Cáo 49 Ngày'!K290 | F48: ='📋 Báo Cáo 49 Ngày'!M290 | G48: =IF(COUNTIF('📋 Báo Cáo 49 Ngày'!H290:N290, "<>")>0, "🖼️ Có kèm ảnh", "—") | H48: ='📋 Báo Cáo 49 Ngày'!O290 | I48: ='📋 Báo Cáo 49 Ngày'!P290
A49: 8 | B49: Trần Quế Lam | C49: ='📋 Báo Cáo 49 Ngày'!G291 | D49: ='📋 Báo Cáo 49 Ngày'!I291 | E49: ='📋 Báo Cáo 49 Ngày'!K291 | F49: ='📋 Báo Cáo 49 Ngày'!M291 | G49: =IF(COUNTIF('📋 Báo Cáo 49 Ngày'!H291:N291, "<>")>0, "🖼️ Có kèm ảnh", "—") | H49: ='📋 Báo Cáo 49 Ngày'!O291 | I49: ='📋 Báo Cáo 49 Ngày'!P291
A50: 9 | B50: Phạm Huyền | C50: ='📋 Báo Cáo 49 Ngày'!G292 | D50: ='📋 Báo Cáo 49 Ngày'!I292 | E50: ='📋 Báo Cáo 49 Ngày'!K292 | F50: ='📋 Báo Cáo 49 Ngày'!M292 | G50: =IF(COUNTIF('📋 Báo Cáo 49 Ngày'!H292:N292, "<>")>0, "🖼️ Có kèm ảnh", "—") | H50: ='📋 Báo Cáo 49 Ngày'!O292 | I50: ='📋 Báo Cáo 49 Ngày'!P292
A52: 📍 THỨ 7 (10/10/2026) - NGÀY 33 / 49
A53: STT | B53: Thành Viên | C53: Reel (Link/Ảnh) | D53: Bài Viết 1 (Link/Ảnh) | E53: Bài Viết 2 (Link/Ảnh) | F53: Bài Tập Nhóm (Link/Ảnh) | G53: Chi Tiết Ảnh Minh Chứng | H53: Hoàn Thành | I53: Đánh Giá | J53: Ghi Chú
A54: 1 | B54: Nancy | C54: ='📋 Báo Cáo 49 Ngày'!G293 | D54: ='📋 Báo Cáo 49 Ngày'!I293 | E54: ='📋 Báo Cáo 49 Ngày'!K293 | F54: ='📋 Báo Cáo 49 Ngày'!M293 | G54: =IF(COUNTIF('📋 Báo Cáo 49 Ngày'!H293:N293, "<>")>0, "🖼️ Có kèm ảnh", "—") | H54: ='📋 Báo Cáo 49 Ngày'!O293 | I54: ='📋 Báo Cáo 49 Ngày'!P293
A55: 2 | B55: Hoài Học Mãi | C55: ='📋 Báo Cáo 49 Ngày'!G294 | D55: ='📋 Báo Cáo 49 Ngày'!I294 | E55: ='📋 Báo Cáo 49 Ngày'!K294 | F55: ='📋 Báo Cáo 49 Ngày'!M294 | G55: =IF(COUNTIF('📋 Báo Cáo 49 Ngày'!H294:N294, "<>")>0, "🖼️ Có kèm ảnh", "—") | H55: ='📋 Báo Cáo 49 Ngày'!O294 | I55: ='📋 Báo Cáo 49 Ngày'!P294
A56: 3 | B56: Lambee | C56: ='📋 Báo Cáo 49 Ngày'!G295 | D56: ='📋 Báo Cáo 49 Ngày'!I295 | E56: ='📋 Báo Cáo 49 Ngày'!K295 | F56: ='📋 Báo Cáo 49 Ngày'!M295 | G56: =IF(COUNTIF('📋 Báo Cáo 49 Ngày'!H295:N295, "<>")>0, "🖼️ Có kèm ảnh", "—") | H56: ='📋 Báo Cáo 49 Ngày'!O295 | I56: ='📋 Báo Cáo 49 Ngày'!P295
A57: 4 | B57: Nhung Hoàng | C57: ='📋 Báo Cáo 49 Ngày'!G296 | D57: ='📋 Báo Cáo 49 Ngày'!I296 | E57: ='📋 Báo Cáo 49 Ngày'!K296 | F57: ='📋 Báo Cáo 49 Ngày'!M296 | G57: =IF(COUNTIF('📋 Báo Cáo 49 Ngày'!H296:N296, "<>")>0, "🖼️ Có kèm ảnh", "—") | H57: ='📋 Báo Cáo 49 Ngày'!O296 | I57: ='📋 Báo Cáo 49 Ngày'!P296
A58: 5 | B58: Quỳnh Thu | C58: ='📋 Báo Cáo 49 Ngày'!G297 | D58: ='📋 Báo Cáo 49 Ngày'!I297 | E58: ='📋 Báo Cáo 49 Ngày'!K297 | F58: ='📋 Báo Cáo 49 Ngày'!M297 | G58: =IF(COUNTIF('📋 Báo Cáo 49 Ngày'!H297:N297, "<>")>0, "🖼️ Có kèm ảnh", "—") | H58: ='📋 Báo Cáo 49 Ngày'!O297 | I58: ='📋 Báo Cáo 49 Ngày'!P297
A59: 6 | B59: TanAnh Pham | C59: ='📋 Báo Cáo 49 Ngày'!G298 | D59: ='📋 Báo Cáo 49 Ngày'!I298 | E59: ='📋 Báo Cáo 49 Ngày'!K298 | F59: ='📋 Báo Cáo 49 Ngày'!M298 | G59: =IF(COUNTIF('📋 Báo Cáo 49 Ngày'!H298:N298, "<>")>0, "🖼️ Có kèm ảnh", "—") | H59: ='📋 Báo Cáo 49 Ngày'!O298 | I59: ='📋 Báo Cáo 49 Ngày'!P298
A60: 7 | B60: Thảo Collins Edu | C60: ='📋 Báo Cáo 49 Ngày'!G299 | D60: ='📋 Báo Cáo 49 Ngày'!I299 | E60: ='📋 Báo Cáo 49 Ngày'!K299 | F60: ='📋 Báo Cáo 49 Ngày'!M299 | G60: =IF(COUNTIF('📋 Báo Cáo 49 Ngày'!H299:N299, "<>")>0, "🖼️ Có kèm ảnh", "—") | H60: ='📋 Báo Cáo 49 Ngày'!O299 | I60: ='📋 Báo Cáo 49 Ngày'!P299
A61: 8 | B61: Trần Quế Lam | C61: ='📋 Báo Cáo 49 Ngày'!G300 | D61: ='📋 Báo Cáo 49 Ngày'!I300 | E61: ='📋 Báo Cáo 49 Ngày'!K300 | F61: ='📋 Báo Cáo 49 Ngày'!M300 | G61: =IF(COUNTIF('📋 Báo Cáo 49 Ngày'!H300:N300, "<>")>0, "🖼️ Có kèm ảnh", "—") | H61: ='📋 Báo Cáo 49 Ngày'!O300 | I61: ='📋 Báo Cáo 49 Ngày'!P300
A62: 9 | B62: Phạm Huyền | C62: ='📋 Báo Cáo 49 Ngày'!G301 | D62: ='📋 Báo Cáo 49 Ngày'!I301 | E62: ='📋 Báo Cáo 49 Ngày'!K301 | F62: ='📋 Báo Cáo 49 Ngày'!M301 | G62: =IF(COUNTIF('📋 Báo Cáo 49 Ngày'!H301:N301, "<>")>0, "🖼️ Có kèm ảnh", "—") | H62: ='📋 Báo Cáo 49 Ngày'!O301 | I62: ='📋 Báo Cáo 49 Ngày'!P301
A64: 📍 CHỦ NHẬT (11/10/2026) - NGÀY 34 / 49
A65: STT | B65: Thành Viên | C65: Reel (Link/Ảnh) | D65: Bài Viết 1 (Link/Ảnh) | E65: Bài Viết 2 (Link/Ảnh) | F65: Bài Tập Nhóm (Link/Ảnh) | G65: Chi Tiết Ảnh Minh Chứng | H65: Hoàn Thành | I65: Đánh Giá | J65: Ghi Chú
A66: 1 | B66: Nancy | C66: ='📋 Báo Cáo 49 Ngày'!G302 | D66: ='📋 Báo Cáo 49 Ngày'!I302 | E66: ='📋 Báo Cáo 49 Ngày'!K302 | F66: ='📋 Báo Cáo 49 Ngày'!M302 | G66: =IF(COUNTIF('📋 Báo Cáo 49 Ngày'!H302:N302, "<>")>0, "🖼️ Có kèm ảnh", "—") | H66: ='📋 Báo Cáo 49 Ngày'!O302 | I66: ='📋 Báo Cáo 49 Ngày'!P302
A67: 2 | B67: Hoài Học Mãi | C67: ='📋 Báo Cáo 49 Ngày'!G303 | D67: ='📋 Báo Cáo 49 Ngày'!I303 | E67: ='📋 Báo Cáo 49 Ngày'!K303 | F67: ='📋 Báo Cáo 49 Ngày'!M303 | G67: =IF(COUNTIF('📋 Báo Cáo 49 Ngày'!H303:N303, "<>")>0, "🖼️ Có kèm ảnh", "—") | H67: ='📋 Báo Cáo 49 Ngày'!O303 | I67: ='📋 Báo Cáo 49 Ngày'!P303
A68: 3 | B68: Lambee | C68: ='📋 Báo Cáo 49 Ngày'!G304 | D68: ='📋 Báo Cáo 49 Ngày'!I304 | E68: ='📋 Báo Cáo 49 Ngày'!K304 | F68: ='📋 Báo Cáo 49 Ngày'!M304 | G68: =IF(COUNTIF('📋 Báo Cáo 49 Ngày'!H304:N304, "<>")>0, "🖼️ Có kèm ảnh", "—") | H68: ='📋 Báo Cáo 49 Ngày'!O304 | I68: ='📋 Báo Cáo 49 Ngày'!P304
A69: 4 | B69: Nhung Hoàng | C69: ='📋 Báo Cáo 49 Ngày'!G305 | D69: ='📋 Báo Cáo 49 Ngày'!I305 | E69: ='📋 Báo Cáo 49 Ngày'!K305 | F69: ='📋 Báo Cáo 49 Ngày'!M305 | G69: =IF(COUNTIF('📋 Báo Cáo 49 Ngày'!H305:N305, "<>")>0, "🖼️ Có kèm ảnh", "—") | H69: ='📋 Báo Cáo 49 Ngày'!O305 | I69: ='📋 Báo Cáo 49 Ngày'!P305
A70: 5 | B70: Quỳnh Thu | C70: ='📋 Báo Cáo 49 Ngày'!G306 | D70: ='📋 Báo Cáo 49 Ngày'!I306 | E70: ='📋 Báo Cáo 49 Ngày'!K306 | F70: ='📋 Báo Cáo 49 Ngày'!M306 | G70: =IF(COUNTIF('📋 Báo Cáo 49 Ngày'!H306:N306, "<>")>0, "🖼️ Có kèm ảnh", "—") | H70: ='📋 Báo Cáo 49 Ngày'!O306 | I70: ='📋 Báo Cáo 49 Ngày'!P306
A71: 6 | B71: TanAnh Pham | C71: ='📋 Báo Cáo 49 Ngày'!G307 | D71: ='📋 Báo Cáo 49 Ngày'!I307 | E71: ='📋 Báo Cáo 49 Ngày'!K307 | F71: ='📋 Báo Cáo 49 Ngày'!M307 | G71: =IF(COUNTIF('📋 Báo Cáo 49 Ngày'!H307:N307, "<>")>0, "🖼️ Có kèm ảnh", "—") | H71: ='📋 Báo Cáo 49 Ngày'!O307 | I71: ='📋 Báo Cáo 49 Ngày'!P307
A72: 7 | B72: Thảo Collins Edu | C72: ='📋 Báo Cáo 49 Ngày'!G308 | D72: ='📋 Báo Cáo 49 Ngày'!I308 | E72: ='📋 Báo Cáo 49 Ngày'!K308 | F72: ='📋 Báo Cáo 49 Ngày'!M308 | G72: =IF(COUNTIF('📋 Báo Cáo 49 Ngày'!H308:N308, "<>")>0, "🖼️ Có kèm ảnh", "—") | H72: ='📋 Báo Cáo 49 Ngày'!O308 | I72: ='📋 Báo Cáo 49 Ngày'!P308
A73: 8 | B73: Trần Quế Lam | C73: ='📋 Báo Cáo 49 Ngày'!G309 | D73: ='📋 Báo Cáo 49 Ngày'!I309 | E73: ='📋 Báo Cáo 49 Ngày'!K309 | F73: ='📋 Báo Cáo 49 Ngày'!M309 | G73: =IF(COUNTIF('📋 Báo Cáo 49 Ngày'!H309:N309, "<>")>0, "🖼️ Có kèm ảnh", "—") | H73: ='📋 Báo Cáo 49 Ngày'!O309 | I73: ='📋 Báo Cáo 49 Ngày'!P309
A74: 9 | B74: Phạm Huyền | C74: ='📋 Báo Cáo 49 Ngày'!G310 | D74: ='📋 Báo Cáo 49 Ngày'!I310 | E74: ='📋 Báo Cáo 49 Ngày'!K310 | F74: ='📋 Báo Cáo 49 Ngày'!M310 | G74: =IF(COUNTIF('📋 Báo Cáo 49 Ngày'!H310:N310, "<>")>0, "🖼️ Có kèm ảnh", "—") | H74: ='📋 Báo Cáo 49 Ngày'!O310 | I74: ='📋 Báo Cáo 49 Ngày'!P310
A76: 📍 THỨ 2 (12/10/2026) - NGÀY 35 / 49
A77: STT | B77: Thành Viên | C77: Reel (Link/Ảnh) | D77: Bài Viết 1 (Link/Ảnh) | E77: Bài Viết 2 (Link/Ảnh) | F77: Bài Tập Nhóm (Link/Ảnh) | G77: Chi Tiết Ảnh Minh Chứng | H77: Hoàn Thành | I77: Đánh Giá | J77: Ghi Chú
A78: 1 | B78: Nancy | C78: ='📋 Báo Cáo 49 Ngày'!G311 | D78: ='📋 Báo Cáo 49 Ngày'!I311 | E78: ='📋 Báo Cáo 49 Ngày'!K311 | F78: ='📋 Báo Cáo 49 Ngày'!M311 | G78: =IF(COUNTIF('📋 Báo Cáo 49 Ngày'!H311:N311, "<>")>0, "🖼️ Có kèm ảnh", "—") | H78: ='📋 Báo Cáo 49 Ngày'!O311 | I78: ='📋 Báo Cáo 49 Ngày'!P311
A79: 2 | B79: Hoài Học Mãi | C79: ='📋 Báo Cáo 49 Ngày'!G312 | D79: ='📋 Báo Cáo 49 Ngày'!I312 | E79: ='📋 Báo Cáo 49 Ngày'!K312 | F79: ='📋 Báo Cáo 49 Ngày'!M312 | G79: =IF(COUNTIF('📋 Báo Cáo 49 Ngày'!H312:N312, "<>")>0, "🖼️ Có kèm ảnh", "—") | H79: ='📋 Báo Cáo 49 Ngày'!O312 | I79: ='📋 Báo Cáo 49 Ngày'!P312
A80: 3 | B80: Lambee | C80: ='📋 Báo Cáo 49 Ngày'!G313 | D80: ='📋 Báo Cáo 49 Ngày'!I313 | E80: ='📋 Báo Cáo 49 Ngày'!K313 | F80: ='📋 Báo Cáo 49 Ngày'!M313 | G80: =IF(COUNTIF('📋 Báo Cáo 49 Ngày'!H313:N313, "<>")>0, "🖼️ Có kèm ảnh", "—") | H80: ='📋 Báo Cáo 49 Ngày'!O313 | I80: ='📋 Báo Cáo 49 Ngày'!P313
A81: 4 | B81: Nhung Hoàng | C81: ='📋 Báo Cáo 49 Ngày'!G314 | D81: ='📋 Báo Cáo 49 Ngày'!I314 | E81: ='📋 Báo Cáo 49 Ngày'!K314 | F81: ='📋 Báo Cáo 49 Ngày'!M314 | G81: =IF(COUNTIF('📋 Báo Cáo 49 Ngày'!H314:N314, "<>")>0, "🖼️ Có kèm ảnh", "—") | H81: ='📋 Báo Cáo 49 Ngày'!O314 | I81: ='📋 Báo Cáo 49 Ngày'!P314
A82: 5 | B82: Quỳnh Thu | C82: ='📋 Báo Cáo 49 Ngày'!G315 | D82: ='📋 Báo Cáo 49 Ngày'!I315 | E82: ='📋 Báo Cáo 49 Ngày'!K315 | F82: ='📋 Báo Cáo 49 Ngày'!M315 | G82: =IF(COUNTIF('📋 Báo Cáo 49 Ngày'!H315:N315, "<>")>0, "🖼️ Có kèm ảnh", "—") | H82: ='📋 Báo Cáo 49 Ngày'!O315 | I82: ='📋 Báo Cáo 49 Ngày'!P315
A83: 6 | B83: TanAnh Pham | C83: ='📋 Báo Cáo 49 Ngày'!G316 | D83: ='📋 Báo Cáo 49 Ngày'!I316 | E83: ='📋 Báo Cáo 49 Ngày'!K316 | F83: ='📋 Báo Cáo 49 Ngày'!M316 | G83: =IF(COUNTIF('📋 Báo Cáo 49 Ngày'!H316:N316, "<>")>0, "🖼️ Có kèm ảnh", "—") | H83: ='📋 Báo Cáo 49 Ngày'!O316 | I83: ='📋 Báo Cáo 49 Ngày'!P316
A84: 7 | B84: Thảo Collins Edu | C84: ='📋 Báo Cáo 49 Ngày'!G317 | D84: ='📋 Báo Cáo 49 Ngày'!I317 | E84: ='📋 Báo Cáo 49 Ngày'!K317 | F84: ='📋 Báo Cáo 49 Ngày'!M317 | G84: =IF(COUNTIF('📋 Báo Cáo 49 Ngày'!H317:N317, "<>")>0, "🖼️ Có kèm ảnh", "—") | H84: ='📋 Báo Cáo 49 Ngày'!O317 | I84: ='📋 Báo Cáo 49 Ngày'!P317
A85: 8 | B85: Trần Quế Lam | C85: ='📋 Báo Cáo 49 Ngày'!G318 | D85: ='📋 Báo Cáo 49 Ngày'!I318 | E85: ='📋 Báo Cáo 49 Ngày'!K318 | F85: ='📋 Báo Cáo 49 Ngày'!M318 | G85: =IF(COUNTIF('📋 Báo Cáo 49 Ngày'!H318:N318, "<>")>0, "🖼️ Có kèm ảnh", "—") | H85: ='📋 Báo Cáo 49 Ngày'!O318 | I85: ='📋 Báo Cáo 49 Ngày'!P318
A86: 9 | B86: Phạm Huyền | C86: ='📋 Báo Cáo 49 Ngày'!G319 | D86: ='📋 Báo Cáo 49 Ngày'!I319 | E86: ='📋 Báo Cáo 49 Ngày'!K319 | F86: ='📋 Báo Cáo 49 Ngày'!M319 | G86: =IF(COUNTIF('📋 Báo Cáo 49 Ngày'!H319:N319, "<>")>0, "🖼️ Có kèm ảnh", "—") | H86: ='📋 Báo Cáo 49 Ngày'!O319 | I86: ='📋 Báo Cáo 49 Ngày'!P319

Sheet Tuần 6
A1: 📅 TUẦN 6 (13/10 - 19/10/2026) - BÁO CÁO 9 THÀNH VIÊN
A4: 📍 THỨ 3 (13/10/2026) - NGÀY 36 / 49
A5: STT | B5: Thành Viên | C5: Reel (Link/Ảnh) | D5: Bài Viết 1 (Link/Ảnh) | E5: Bài Viết 2 (Link/Ảnh) | F5: Bài Tập Nhóm (Link/Ảnh) | G5: Chi Tiết Ảnh Minh Chứng | H5: Hoàn Thành | I5: Đánh Giá | J5: Ghi Chú
A6: 1 | B6: Nancy | C6: ='📋 Báo Cáo 49 Ngày'!G320 | D6: ='📋 Báo Cáo 49 Ngày'!I320 | E6: ='📋 Báo Cáo 49 Ngày'!K320 | F6: ='📋 Báo Cáo 49 Ngày'!M320 | G6: =IF(COUNTIF('📋 Báo Cáo 49 Ngày'!H320:N320, "<>")>0, "🖼️ Có kèm ảnh", "—") | H6: ='📋 Báo Cáo 49 Ngày'!O320 | I6: ='📋 Báo Cáo 49 Ngày'!P320
A7: 2 | B7: Hoài Học Mãi | C7: ='📋 Báo Cáo 49 Ngày'!G321 | D7: ='📋 Báo Cáo 49 Ngày'!I321 | E7: ='📋 Báo Cáo 49 Ngày'!K321 | F7: ='📋 Báo Cáo 49 Ngày'!M321 | G7: =IF(COUNTIF('📋 Báo Cáo 49 Ngày'!H321:N321, "<>")>0, "🖼️ Có kèm ảnh", "—") | H7: ='📋 Báo Cáo 49 Ngày'!O321 | I7: ='📋 Báo Cáo 49 Ngày'!P321
A8: 3 | B8: Lambee | C8: ='📋 Báo Cáo 49 Ngày'!G322 | D8: ='📋 Báo Cáo 49 Ngày'!I322 | E8: ='📋 Báo Cáo 49 Ngày'!K322 | F8: ='📋 Báo Cáo 49 Ngày'!M322 | G8: =IF(COUNTIF('📋 Báo Cáo 49 Ngày'!H322:N322, "<>")>0, "🖼️ Có kèm ảnh", "—") | H8: ='📋 Báo Cáo 49 Ngày'!O322 | I8: ='📋 Báo Cáo 49 Ngày'!P322
A9: 4 | B9: Nhung Hoàng | C9: ='📋 Báo Cáo 49 Ngày'!G323 | D9: ='📋 Báo Cáo 49 Ngày'!I323 | E9: ='📋 Báo Cáo 49 Ngày'!K323 | F9: ='📋 Báo Cáo 49 Ngày'!M323 | G9: =IF(COUNTIF('📋 Báo Cáo 49 Ngày'!H323:N323, "<>")>0, "🖼️ Có kèm ảnh", "—") | H9: ='📋 Báo Cáo 49 Ngày'!O323 | I9: ='📋 Báo Cáo 49 Ngày'!P323
A10: 5 | B10: Quỳnh Thu | C10: ='📋 Báo Cáo 49 Ngày'!G324 | D10: ='📋 Báo Cáo 49 Ngày'!I324 | E10: ='📋 Báo Cáo 49 Ngày'!K324 | F10: ='📋 Báo Cáo 49 Ngày'!M324 | G10: =IF(COUNTIF('📋 Báo Cáo 49 Ngày'!H324:N324, "<>")>0, "🖼️ Có kèm ảnh", "—") | H10: ='📋 Báo Cáo 49 Ngày'!O324 | I10: ='📋 Báo Cáo 49 Ngày'!P324
A11: 6 | B11: TanAnh Pham | C11: ='📋 Báo Cáo 49 Ngày'!G325 | D11: ='📋 Báo Cáo 49 Ngày'!I325 | E11: ='📋 Báo Cáo 49 Ngày'!K325 | F11: ='📋 Báo Cáo 49 Ngày'!M325 | G11: =IF(COUNTIF('📋 Báo Cáo 49 Ngày'!H325:N325, "<>")>0, "🖼️ Có kèm ảnh", "—") | H11: ='📋 Báo Cáo 49 Ngày'!O325 | I11: ='📋 Báo Cáo 49 Ngày'!P325
A12: 7 | B12: Thảo Collins Edu | C12: ='📋 Báo Cáo 49 Ngày'!G326 | D12: ='📋 Báo Cáo 49 Ngày'!I326 | E12: ='📋 Báo Cáo 49 Ngày'!K326 | F12: ='📋 Báo Cáo 49 Ngày'!M326 | G12: =IF(COUNTIF('📋 Báo Cáo 49 Ngày'!H326:N326, "<>")>0, "🖼️ Có kèm ảnh", "—") | H12: ='📋 Báo Cáo 49 Ngày'!O326 | I12: ='📋 Báo Cáo 49 Ngày'!P326
A13: 8 | B13: Trần Quế Lam | C13: ='📋 Báo Cáo 49 Ngày'!G327 | D13: ='📋 Báo Cáo 49 Ngày'!I327 | E13: ='📋 Báo Cáo 49 Ngày'!K327 | F13: ='📋 Báo Cáo 49 Ngày'!M327 | G13: =IF(COUNTIF('📋 Báo Cáo 49 Ngày'!H327:N327, "<>")>0, "🖼️ Có kèm ảnh", "—") | H13: ='📋 Báo Cáo 49 Ngày'!O327 | I13: ='📋 Báo Cáo 49 Ngày'!P327
A14: 9 | B14: Phạm Huyền | C14: ='📋 Báo Cáo 49 Ngày'!G328 | D14: ='📋 Báo Cáo 49 Ngày'!I328 | E14: ='📋 Báo Cáo 49 Ngày'!K328 | F14: ='📋 Báo Cáo 49 Ngày'!M328 | G14: =IF(COUNTIF('📋 Báo Cáo 49 Ngày'!H328:N328, "<>")>0, "🖼️ Có kèm ảnh", "—") | H14: ='📋 Báo Cáo 49 Ngày'!O328 | I14: ='📋 Báo Cáo 49 Ngày'!P328
A16: 📍 THỨ 4 (14/10/2026) - NGÀY 37 / 49
A17: STT | B17: Thành Viên | C17: Reel (Link/Ảnh) | D17: Bài Viết 1 (Link/Ảnh) | E17: Bài Viết 2 (Link/Ảnh) | F17: Bài Tập Nhóm (Link/Ảnh) | G17: Chi Tiết Ảnh Minh Chứng | H17: Hoàn Thành | I17: Đánh Giá | J17: Ghi Chú
A18: 1 | B18: Nancy | C18: ='📋 Báo Cáo 49 Ngày'!G329 | D18: ='📋 Báo Cáo 49 Ngày'!I329 | E18: ='📋 Báo Cáo 49 Ngày'!K329 | F18: ='📋 Báo Cáo 49 Ngày'!M329 | G18: =IF(COUNTIF('📋 Báo Cáo 49 Ngày'!H329:N329, "<>")>0, "🖼️ Có kèm ảnh", "—") | H18: ='📋 Báo Cáo 49 Ngày'!O329 | I18: ='📋 Báo Cáo 49 Ngày'!P329
A19: 2 | B19: Hoài Học Mãi | C19: ='📋 Báo Cáo 49 Ngày'!G330 | D19: ='📋 Báo Cáo 49 Ngày'!I330 | E19: ='📋 Báo Cáo 49 Ngày'!K330 | F19: ='📋 Báo Cáo 49 Ngày'!M330 | G19: =IF(COUNTIF('📋 Báo Cáo 49 Ngày'!H330:N330, "<>")>0, "🖼️ Có kèm ảnh", "—") | H19: ='📋 Báo Cáo 49 Ngày'!O330 | I19: ='📋 Báo Cáo 49 Ngày'!P330
A20: 3 | B20: Lambee | C20: ='📋 Báo Cáo 49 Ngày'!G331 | D20: ='📋 Báo Cáo 49 Ngày'!I331 | E20: ='📋 Báo Cáo 49 Ngày'!K331 | F20: ='📋 Báo Cáo 49 Ngày'!M331 | G20: =IF(COUNTIF('📋 Báo Cáo 49 Ngày'!H331:N331, "<>")>0, "🖼️ Có kèm ảnh", "—") | H20: ='📋 Báo Cáo 49 Ngày'!O331 | I20: ='📋 Báo Cáo 49 Ngày'!P331
A21: 4 | B21: Nhung Hoàng | C21: ='📋 Báo Cáo 49 Ngày'!G332 | D21: ='📋 Báo Cáo 49 Ngày'!I332 | E21: ='📋 Báo Cáo 49 Ngày'!K332 | F21: ='📋 Báo Cáo 49 Ngày'!M332 | G21: =IF(COUNTIF('📋 Báo Cáo 49 Ngày'!H332:N332, "<>")>0, "🖼️ Có kèm ảnh", "—") | H21: ='📋 Báo Cáo 49 Ngày'!O332 | I21: ='📋 Báo Cáo 49 Ngày'!P332
A22: 5 | B22: Quỳnh Thu | C22: ='📋 Báo Cáo 49 Ngày'!G333 | D22: ='📋 Báo Cáo 49 Ngày'!I333 | E22: ='📋 Báo Cáo 49 Ngày'!K333 | F22: ='📋 Báo Cáo 49 Ngày'!M333 | G22: =IF(COUNTIF('📋 Báo Cáo 49 Ngày'!H333:N333, "<>")>0, "🖼️ Có kèm ảnh", "—") | H22: ='📋 Báo Cáo 49 Ngày'!O333 | I22: ='📋 Báo Cáo 49 Ngày'!P333
A23: 6 | B23: TanAnh Pham | C23: ='📋 Báo Cáo 49 Ngày'!G334 | D23: ='📋 Báo Cáo 49 Ngày'!I334 | E23: ='📋 Báo Cáo 49 Ngày'!K334 | F23: ='📋 Báo Cáo 49 Ngày'!M334 | G23: =IF(COUNTIF('📋 Báo Cáo 49 Ngày'!H334:N334, "<>")>0, "🖼️ Có kèm ảnh", "—") | H23: ='📋 Báo Cáo 49 Ngày'!O334 | I23: ='📋 Báo Cáo 49 Ngày'!P334
A24: 7 | B24: Thảo Collins Edu | C24: ='📋 Báo Cáo 49 Ngày'!G335 | D24: ='📋 Báo Cáo 49 Ngày'!I335 | E24: ='📋 Báo Cáo 49 Ngày'!K335 | F24: ='📋 Báo Cáo 49 Ngày'!M335 | G24: =IF(COUNTIF('📋 Báo Cáo 49 Ngày'!H335:N335, "<>")>0, "🖼️ Có kèm ảnh", "—") | H24: ='📋 Báo Cáo 49 Ngày'!O335 | I24: ='📋 Báo Cáo 49 Ngày'!P335
A25: 8 | B25: Trần Quế Lam | C25: ='📋 Báo Cáo 49 Ngày'!G336 | D25: ='📋 Báo Cáo 49 Ngày'!I336 | E25: ='📋 Báo Cáo 49 Ngày'!K336 | F25: ='📋 Báo Cáo 49 Ngày'!M336 | G25: =IF(COUNTIF('📋 Báo Cáo 49 Ngày'!H336:N336, "<>")>0, "🖼️ Có kèm ảnh", "—") | H25: ='📋 Báo Cáo 49 Ngày'!O336 | I25: ='📋 Báo Cáo 49 Ngày'!P336
A26: 9 | B26: Phạm Huyền | C26: ='📋 Báo Cáo 49 Ngày'!G337 | D26: ='📋 Báo Cáo 49 Ngày'!I337 | E26: ='📋 Báo Cáo 49 Ngày'!K337 | F26: ='📋 Báo Cáo 49 Ngày'!M337 | G26: =IF(COUNTIF('📋 Báo Cáo 49 Ngày'!H337:N337, "<>")>0, "🖼️ Có kèm ảnh", "—") | H26: ='📋 Báo Cáo 49 Ngày'!O337 | I26: ='📋 Báo Cáo 49 Ngày'!P337
A28: 📍 THỨ 5 (15/10/2026) - NGÀY 38 / 49
A29: STT | B29: Thành Viên | C29: Reel (Link/Ảnh) | D29: Bài Viết 1 (Link/Ảnh) | E29: Bài Viết 2 (Link/Ảnh) | F29: Bài Tập Nhóm (Link/Ảnh) | G29: Chi Tiết Ảnh Minh Chứng | H29: Hoàn Thành | I29: Đánh Giá | J29: Ghi Chú
A30: 1 | B30: Nancy | C30: ='📋 Báo Cáo 49 Ngày'!G338 | D30: ='📋 Báo Cáo 49 Ngày'!I338 | E30: ='📋 Báo Cáo 49 Ngày'!K338 | F30: ='📋 Báo Cáo 49 Ngày'!M338 | G30: =IF(COUNTIF('📋 Báo Cáo 49 Ngày'!H338:N338, "<>")>0, "🖼️ Có kèm ảnh", "—") | H30: ='📋 Báo Cáo 49 Ngày'!O338 | I30: ='📋 Báo Cáo 49 Ngày'!P338
A31: 2 | B31: Hoài Học Mãi | C31: ='📋 Báo Cáo 49 Ngày'!G339 | D31: ='📋 Báo Cáo 49 Ngày'!I339 | E31: ='📋 Báo Cáo 49 Ngày'!K339 | F31: ='📋 Báo Cáo 49 Ngày'!M339 | G31: =IF(COUNTIF('📋 Báo Cáo 49 Ngày'!H339:N339, "<>")>0, "🖼️ Có kèm ảnh", "—") | H31: ='📋 Báo Cáo 49 Ngày'!O339 | I31: ='📋 Báo Cáo 49 Ngày'!P339
A32: 3 | B32: Lambee | C32: ='📋 Báo Cáo 49 Ngày'!G340 | D32: ='📋 Báo Cáo 49 Ngày'!I340 | E32: ='📋 Báo Cáo 49 Ngày'!K340 | F32: ='📋 Báo Cáo 49 Ngày'!M340 | G32: =IF(COUNTIF('📋 Báo Cáo 49 Ngày'!H340:N340, "<>")>0, "🖼️ Có kèm ảnh", "—") | H32: ='📋 Báo Cáo 49 Ngày'!O340 | I32: ='📋 Báo Cáo 49 Ngày'!P340
A33: 4 | B33: Nhung Hoàng | C33: ='📋 Báo Cáo 49 Ngày'!G341 | D33: ='📋 Báo Cáo 49 Ngày'!I341 | E33: ='📋 Báo Cáo 49 Ngày'!K341 | F33: ='📋 Báo Cáo 49 Ngày'!M341 | G33: =IF(COUNTIF('📋 Báo Cáo 49 Ngày'!H341:N341, "<>")>0, "🖼️ Có kèm ảnh", "—") | H33: ='📋 Báo Cáo 49 Ngày'!O341 | I33: ='📋 Báo Cáo 49 Ngày'!P341
A34: 5 | B34: Quỳnh Thu | C34: ='📋 Báo Cáo 49 Ngày'!G342 | D34: ='📋 Báo Cáo 49 Ngày'!I342 | E34: ='📋 Báo Cáo 49 Ngày'!K342 | F34: ='📋 Báo Cáo 49 Ngày'!M342 | G34: =IF(COUNTIF('📋 Báo Cáo 49 Ngày'!H342:N342, "<>")>0, "🖼️ Có kèm ảnh", "—") | H34: ='📋 Báo Cáo 49 Ngày'!O342 | I34: ='📋 Báo Cáo 49 Ngày'!P342
A35: 6 | B35: TanAnh Pham | C35: ='📋 Báo Cáo 49 Ngày'!G343 | D35: ='📋 Báo Cáo 49 Ngày'!I343 | E35: ='📋 Báo Cáo 49 Ngày'!K343 | F35: ='📋 Báo Cáo 49 Ngày'!M343 | G35: =IF(COUNTIF('📋 Báo Cáo 49 Ngày'!H343:N343, "<>")>0, "🖼️ Có kèm ảnh", "—") | H35: ='📋 Báo Cáo 49 Ngày'!O343 | I35: ='📋 Báo Cáo 49 Ngày'!P343
A36: 7 | B36: Thảo Collins Edu | C36: ='📋 Báo Cáo 49 Ngày'!G344 | D36: ='📋 Báo Cáo 49 Ngày'!I344 | E36: ='📋 Báo Cáo 49 Ngày'!K344 | F36: ='📋 Báo Cáo 49 Ngày'!M344 | G36: =IF(COUNTIF('📋 Báo Cáo 49 Ngày'!H344:N344, "<>")>0, "🖼️ Có kèm ảnh", "—") | H36: ='📋 Báo Cáo 49 Ngày'!O344 | I36: ='📋 Báo Cáo 49 Ngày'!P344
A37: 8 | B37: Trần Quế Lam | C37: ='📋 Báo Cáo 49 Ngày'!G345 | D37: ='📋 Báo Cáo 49 Ngày'!I345 | E37: ='📋 Báo Cáo 49 Ngày'!K345 | F37: ='📋 Báo Cáo 49 Ngày'!M345 | G37: =IF(COUNTIF('📋 Báo Cáo 49 Ngày'!H345:N345, "<>")>0, "🖼️ Có kèm ảnh", "—") | H37: ='📋 Báo Cáo 49 Ngày'!O345 | I37: ='📋 Báo Cáo 49 Ngày'!P345
A38: 9 | B38: Phạm Huyền | C38: ='📋 Báo Cáo 49 Ngày'!G346 | D38: ='📋 Báo Cáo 49 Ngày'!I346 | E38: ='📋 Báo Cáo 49 Ngày'!K346 | F38: ='📋 Báo Cáo 49 Ngày'!M346 | G38: =IF(COUNTIF('📋 Báo Cáo 49 Ngày'!H346:N346, "<>")>0, "🖼️ Có kèm ảnh", "—") | H38: ='📋 Báo Cáo 49 Ngày'!O346 | I38: ='📋 Báo Cáo 49 Ngày'!P346
A40: 📍 THỨ 6 (16/10/2026) - NGÀY 39 / 49
A41: STT | B41: Thành Viên | C41: Reel (Link/Ảnh) | D41: Bài Viết 1 (Link/Ảnh) | E41: Bài Viết 2 (Link/Ảnh) | F41: Bài Tập Nhóm (Link/Ảnh) | G41: Chi Tiết Ảnh Minh Chứng | H41: Hoàn Thành | I41: Đánh Giá | J41: Ghi Chú
A42: 1 | B42: Nancy | C42: ='📋 Báo Cáo 49 Ngày'!G347 | D42: ='📋 Báo Cáo 49 Ngày'!I347 | E42: ='📋 Báo Cáo 49 Ngày'!K347 | F42: ='📋 Báo Cáo 49 Ngày'!M347 | G42: =IF(COUNTIF('📋 Báo Cáo 49 Ngày'!H347:N347, "<>")>0, "🖼️ Có kèm ảnh", "—") | H42: ='📋 Báo Cáo 49 Ngày'!O347 | I42: ='📋 Báo Cáo 49 Ngày'!P347
A43: 2 | B43: Hoài Học Mãi | C43: ='📋 Báo Cáo 49 Ngày'!G348 | D43: ='📋 Báo Cáo 49 Ngày'!I348 | E43: ='📋 Báo Cáo 49 Ngày'!K348 | F43: ='📋 Báo Cáo 49 Ngày'!M348 | G43: =IF(COUNTIF('📋 Báo Cáo 49 Ngày'!H348:N348, "<>")>0, "🖼️ Có kèm ảnh", "—") | H43: ='📋 Báo Cáo 49 Ngày'!O348 | I43: ='📋 Báo Cáo 49 Ngày'!P348
A44: 3 | B44: Lambee | C44: ='📋 Báo Cáo 49 Ngày'!G349 | D44: ='📋 Báo Cáo 49 Ngày'!I349 | E44: ='📋 Báo Cáo 49 Ngày'!K349 | F44: ='📋 Báo Cáo 49 Ngày'!M349 | G44: =IF(COUNTIF('📋 Báo Cáo 49 Ngày'!H349:N349, "<>")>0, "🖼️ Có kèm ảnh", "—") | H44: ='📋 Báo Cáo 49 Ngày'!O349 | I44: ='📋 Báo Cáo 49 Ngày'!P349
A45: 4 | B45: Nhung Hoàng | C45: ='📋 Báo Cáo 49 Ngày'!G350 | D45: ='📋 Báo Cáo 49 Ngày'!I350 | E45: ='📋 Báo Cáo 49 Ngày'!K350 | F45: ='📋 Báo Cáo 49 Ngày'!M350 | G45: =IF(COUNTIF('📋 Báo Cáo 49 Ngày'!H350:N350, "<>")>0, "🖼️ Có kèm ảnh", "—") | H45: ='📋 Báo Cáo 49 Ngày'!O350 | I45: ='📋 Báo Cáo 49 Ngày'!P350
A46: 5 | B46: Quỳnh Thu | C46: ='📋 Báo Cáo 49 Ngày'!G351 | D46: ='📋 Báo Cáo 49 Ngày'!I351 | E46: ='📋 Báo Cáo 49 Ngày'!K351 | F46: ='📋 Báo Cáo 49 Ngày'!M351 | G46: =IF(COUNTIF('📋 Báo Cáo 49 Ngày'!H351:N351, "<>")>0, "🖼️ Có kèm ảnh", "—") | H46: ='📋 Báo Cáo 49 Ngày'!O351 | I46: ='📋 Báo Cáo 49 Ngày'!P351
A47: 6 | B47: TanAnh Pham | C47: ='📋 Báo Cáo 49 Ngày'!G352 | D47: ='📋 Báo Cáo 49 Ngày'!I352 | E47: ='📋 Báo Cáo 49 Ngày'!K352 | F47: ='📋 Báo Cáo 49 Ngày'!M352 | G47: =IF(COUNTIF('📋 Báo Cáo 49 Ngày'!H352:N352, "<>")>0, "🖼️ Có kèm ảnh", "—") | H47: ='📋 Báo Cáo 49 Ngày'!O352 | I47: ='📋 Báo Cáo 49 Ngày'!P352
A48: 7 | B48: Thảo Collins Edu | C48: ='📋 Báo Cáo 49 Ngày'!G353 | D48: ='📋 Báo Cáo 49 Ngày'!I353 | E48: ='📋 Báo Cáo 49 Ngày'!K353 | F48: ='📋 Báo Cáo 49 Ngày'!M353 | G48: =IF(COUNTIF('📋 Báo Cáo 49 Ngày'!H353:N353, "<>")>0, "🖼️ Có kèm ảnh", "—") | H48: ='📋 Báo Cáo 49 Ngày'!O353 | I48: ='📋 Báo Cáo 49 Ngày'!P353
A49: 8 | B49: Trần Quế Lam | C49: ='📋 Báo Cáo 49 Ngày'!G354 | D49: ='📋 Báo Cáo 49 Ngày'!I354 | E49: ='📋 Báo Cáo 49 Ngày'!K354 | F49: ='📋 Báo Cáo 49 Ngày'!M354 | G49: =IF(COUNTIF('📋 Báo Cáo 49 Ngày'!H354:N354, "<>")>0, "🖼️ Có kèm ảnh", "—") | H49: ='📋 Báo Cáo 49 Ngày'!O354 | I49: ='📋 Báo Cáo 49 Ngày'!P354
A50: 9 | B50: Phạm Huyền | C50: ='📋 Báo Cáo 49 Ngày'!G355 | D50: ='📋 Báo Cáo 49 Ngày'!I355 | E50: ='📋 Báo Cáo 49 Ngày'!K355 | F50: ='📋 Báo Cáo 49 Ngày'!M355 | G50: =IF(COUNTIF('📋 Báo Cáo 49 Ngày'!H355:N355, "<>")>0, "🖼️ Có kèm ảnh", "—") | H50: ='📋 Báo Cáo 49 Ngày'!O355 | I50: ='📋 Báo Cáo 49 Ngày'!P355
A52: 📍 THỨ 7 (17/10/2026) - NGÀY 40 / 49
A53: STT | B53: Thành Viên | C53: Reel (Link/Ảnh) | D53: Bài Viết 1 (Link/Ảnh) | E53: Bài Viết 2 (Link/Ảnh) | F53: Bài Tập Nhóm (Link/Ảnh) | G53: Chi Tiết Ảnh Minh Chứng | H53: Hoàn Thành | I53: Đánh Giá | J53: Ghi Chú
A54: 1 | B54: Nancy | C54: ='📋 Báo Cáo 49 Ngày'!G356 | D54: ='📋 Báo Cáo 49 Ngày'!I356 | E54: ='📋 Báo Cáo 49 Ngày'!K356 | F54: ='📋 Báo Cáo 49 Ngày'!M356 | G54: =IF(COUNTIF('📋 Báo Cáo 49 Ngày'!H356:N356, "<>")>0, "🖼️ Có kèm ảnh", "—") | H54: ='📋 Báo Cáo 49 Ngày'!O356 | I54: ='📋 Báo Cáo 49 Ngày'!P356
A55: 2 | B55: Hoài Học Mãi | C55: ='📋 Báo Cáo 49 Ngày'!G357 | D55: ='📋 Báo Cáo 49 Ngày'!I357 | E55: ='📋 Báo Cáo 49 Ngày'!K357 | F55: ='📋 Báo Cáo 49 Ngày'!M357 | G55: =IF(COUNTIF('📋 Báo Cáo 49 Ngày'!H357:N357, "<>")>0, "🖼️ Có kèm ảnh", "—") | H55: ='📋 Báo Cáo 49 Ngày'!O357 | I55: ='📋 Báo Cáo 49 Ngày'!P357
A56: 3 | B56: Lambee | C56: ='📋 Báo Cáo 49 Ngày'!G358 | D56: ='📋 Báo Cáo 49 Ngày'!I358 | E56: ='📋 Báo Cáo 49 Ngày'!K358 | F56: ='📋 Báo Cáo 49 Ngày'!M358 | G56: =IF(COUNTIF('📋 Báo Cáo 49 Ngày'!H358:N358, "<>")>0, "🖼️ Có kèm ảnh", "—") | H56: ='📋 Báo Cáo 49 Ngày'!O358 | I56: ='📋 Báo Cáo 49 Ngày'!P358
A57: 4 | B57: Nhung Hoàng | C57: ='📋 Báo Cáo 49 Ngày'!G359 | D57: ='📋 Báo Cáo 49 Ngày'!I359 | E57: ='📋 Báo Cáo 49 Ngày'!K359 | F57: ='📋 Báo Cáo 49 Ngày'!M359 | G57: =IF(COUNTIF('📋 Báo Cáo 49 Ngày'!H359:N359, "<>")>0, "🖼️ Có kèm ảnh", "—") | H57: ='📋 Báo Cáo 49 Ngày'!O359 | I57: ='📋 Báo Cáo 49 Ngày'!P359
A58: 5 | B58: Quỳnh Thu | C58: ='📋 Báo Cáo 49 Ngày'!G360 | D58: ='📋 Báo Cáo 49 Ngày'!I360 | E58: ='📋 Báo Cáo 49 Ngày'!K360 | F58: ='📋 Báo Cáo 49 Ngày'!M360 | G58: =IF(COUNTIF('📋 Báo Cáo 49 Ngày'!H360:N360, "<>")>0, "🖼️ Có kèm ảnh", "—") | H58: ='📋 Báo Cáo 49 Ngày'!O360 | I58: ='📋 Báo Cáo 49 Ngày'!P360
A59: 6 | B59: TanAnh Pham | C59: ='📋 Báo Cáo 49 Ngày'!G361 | D59: ='📋 Báo Cáo 49 Ngày'!I361 | E59: ='📋 Báo Cáo 49 Ngày'!K361 | F59: ='📋 Báo Cáo 49 Ngày'!M361 | G59: =IF(COUNTIF('📋 Báo Cáo 49 Ngày'!H361:N361, "<>")>0, "🖼️ Có kèm ảnh", "—") | H59: ='📋 Báo Cáo 49 Ngày'!O361 | I59: ='📋 Báo Cáo 49 Ngày'!P361
A60: 7 | B60: Thảo Collins Edu | C60: ='📋 Báo Cáo 49 Ngày'!G362 | D60: ='📋 Báo Cáo 49 Ngày'!I362 | E60: ='📋 Báo Cáo 49 Ngày'!K362 | F60: ='📋 Báo Cáo 49 Ngày'!M362 | G60: =IF(COUNTIF('📋 Báo Cáo 49 Ngày'!H362:N362, "<>")>0, "🖼️ Có kèm ảnh", "—") | H60: ='📋 Báo Cáo 49 Ngày'!O362 | I60: ='📋 Báo Cáo 49 Ngày'!P362
A61: 8 | B61: Trần Quế Lam | C61: ='📋 Báo Cáo 49 Ngày'!G363 | D61: ='📋 Báo Cáo 49 Ngày'!I363 | E61: ='📋 Báo Cáo 49 Ngày'!K363 | F61: ='📋 Báo Cáo 49 Ngày'!M363 | G61: =IF(COUNTIF('📋 Báo Cáo 49 Ngày'!H363:N363, "<>")>0, "🖼️ Có kèm ảnh", "—") | H61: ='📋 Báo Cáo 49 Ngày'!O363 | I61: ='📋 Báo Cáo 49 Ngày'!P363
A62: 9 | B62: Phạm Huyền | C62: ='📋 Báo Cáo 49 Ngày'!G364 | D62: ='📋 Báo Cáo 49 Ngày'!I364 | E62: ='📋 Báo Cáo 49 Ngày'!K364 | F62: ='📋 Báo Cáo 49 Ngày'!M364 | G62: =IF(COUNTIF('📋 Báo Cáo 49 Ngày'!H364:N364, "<>")>0, "🖼️ Có kèm ảnh", "—") | H62: ='📋 Báo Cáo 49 Ngày'!O364 | I62: ='📋 Báo Cáo 49 Ngày'!P364
A64: 📍 CHỦ NHẬT (18/10/2026) - NGÀY 41 / 49
A65: STT | B65: Thành Viên | C65: Reel (Link/Ảnh) | D65: Bài Viết 1 (Link/Ảnh) | E65: Bài Viết 2 (Link/Ảnh) | F65: Bài Tập Nhóm (Link/Ảnh) | G65: Chi Tiết Ảnh Minh Chứng | H65: Hoàn Thành | I65: Đánh Giá | J65: Ghi Chú
A66: 1 | B66: Nancy | C66: ='📋 Báo Cáo 49 Ngày'!G365 | D66: ='📋 Báo Cáo 49 Ngày'!I365 | E66: ='📋 Báo Cáo 49 Ngày'!K365 | F66: ='📋 Báo Cáo 49 Ngày'!M365 | G66: =IF(COUNTIF('📋 Báo Cáo 49 Ngày'!H365:N365, "<>")>0, "🖼️ Có kèm ảnh", "—") | H66: ='📋 Báo Cáo 49 Ngày'!O365 | I66: ='📋 Báo Cáo 49 Ngày'!P365
A67: 2 | B67: Hoài Học Mãi | C67: ='📋 Báo Cáo 49 Ngày'!G366 | D67: ='📋 Báo Cáo 49 Ngày'!I366 | E67: ='📋 Báo Cáo 49 Ngày'!K366 | F67: ='📋 Báo Cáo 49 Ngày'!M366 | G67: =IF(COUNTIF('📋 Báo Cáo 49 Ngày'!H366:N366, "<>")>0, "🖼️ Có kèm ảnh", "—") | H67: ='📋 Báo Cáo 49 Ngày'!O366 | I67: ='📋 Báo Cáo 49 Ngày'!P366
A68: 3 | B68: Lambee | C68: ='📋 Báo Cáo 49 Ngày'!G367 | D68: ='📋 Báo Cáo 49 Ngày'!I367 | E68: ='📋 Báo Cáo 49 Ngày'!K367 | F68: ='📋 Báo Cáo 49 Ngày'!M367 | G68: =IF(COUNTIF('📋 Báo Cáo 49 Ngày'!H367:N367, "<>")>0, "🖼️ Có kèm ảnh", "—") | H68: ='📋 Báo Cáo 49 Ngày'!O367 | I68: ='📋 Báo Cáo 49 Ngày'!P367
A69: 4 | B69: Nhung Hoàng | C69: ='📋 Báo Cáo 49 Ngày'!G368 | D69: ='📋 Báo Cáo 49 Ngày'!I368 | E69: ='📋 Báo Cáo 49 Ngày'!K368 | F69: ='📋 Báo Cáo 49 Ngày'!M368 | G69: =IF(COUNTIF('📋 Báo Cáo 49 Ngày'!H368:N368, "<>")>0, "🖼️ Có kèm ảnh", "—") | H69: ='📋 Báo Cáo 49 Ngày'!O368 | I69: ='📋 Báo Cáo 49 Ngày'!P368
A70: 5 | B70: Quỳnh Thu | C70: ='📋 Báo Cáo 49 Ngày'!G369 | D70: ='📋 Báo Cáo 49 Ngày'!I369 | E70: ='📋 Báo Cáo 49 Ngày'!K369 | F70: ='📋 Báo Cáo 49 Ngày'!M369 | G70: =IF(COUNTIF('📋 Báo Cáo 49 Ngày'!H369:N369, "<>")>0, "🖼️ Có kèm ảnh", "—") | H70: ='📋 Báo Cáo 49 Ngày'!O369 | I70: ='📋 Báo Cáo 49 Ngày'!P369
A71: 6 | B71: TanAnh Pham | C71: ='📋 Báo Cáo 49 Ngày'!G370 | D71: ='📋 Báo Cáo 49 Ngày'!I370 | E71: ='📋 Báo Cáo 49 Ngày'!K370 | F71: ='📋 Báo Cáo 49 Ngày'!M370 | G71: =IF(COUNTIF('📋 Báo Cáo 49 Ngày'!H370:N370, "<>")>0, "🖼️ Có kèm ảnh", "—") | H71: ='📋 Báo Cáo 49 Ngày'!O370 | I71: ='📋 Báo Cáo 49 Ngày'!P370
A72: 7 | B72: Thảo Collins Edu | C72: ='📋 Báo Cáo 49 Ngày'!G371 | D72: ='📋 Báo Cáo 49 Ngày'!I371 | E72: ='📋 Báo Cáo 49 Ngày'!K371 | F72: ='📋 Báo Cáo 49 Ngày'!M371 | G72: =IF(COUNTIF('📋 Báo Cáo 49 Ngày'!H371:N371, "<>")>0, "🖼️ Có kèm ảnh", "—") | H72: ='📋 Báo Cáo 49 Ngày'!O371 | I72: ='📋 Báo Cáo 49 Ngày'!P371
A73: 8 | B73: Trần Quế Lam | C73: ='📋 Báo Cáo 49 Ngày'!G372 | D73: ='📋 Báo Cáo 49 Ngày'!I372 | E73: ='📋 Báo Cáo 49 Ngày'!K372 | F73: ='📋 Báo Cáo 49 Ngày'!M372 | G73: =IF(COUNTIF('📋 Báo Cáo 49 Ngày'!H372:N372, "<>")>0, "🖼️ Có kèm ảnh", "—") | H73: ='📋 Báo Cáo 49 Ngày'!O372 | I73: ='📋 Báo Cáo 49 Ngày'!P372
A74: 9 | B74: Phạm Huyền | C74: ='📋 Báo Cáo 49 Ngày'!G373 | D74: ='📋 Báo Cáo 49 Ngày'!I373 | E74: ='📋 Báo Cáo 49 Ngày'!K373 | F74: ='📋 Báo Cáo 49 Ngày'!M373 | G74: =IF(COUNTIF('📋 Báo Cáo 49 Ngày'!H373:N373, "<>")>0, "🖼️ Có kèm ảnh", "—") | H74: ='📋 Báo Cáo 49 Ngày'!O373 | I74: ='📋 Báo Cáo 49 Ngày'!P373
A76: 📍 THỨ 2 (19/10/2026) - NGÀY 42 / 49
A77: STT | B77: Thành Viên | C77: Reel (Link/Ảnh) | D77: Bài Viết 1 (Link/Ảnh) | E77: Bài Viết 2 (Link/Ảnh) | F77: Bài Tập Nhóm (Link/Ảnh) | G77: Chi Tiết Ảnh Minh Chứng | H77: Hoàn Thành | I77: Đánh Giá | J77: Ghi Chú
A78: 1 | B78: Nancy | C78: ='📋 Báo Cáo 49 Ngày'!G374 | D78: ='📋 Báo Cáo 49 Ngày'!I374 | E78: ='📋 Báo Cáo 49 Ngày'!K374 | F78: ='📋 Báo Cáo 49 Ngày'!M374 | G78: =IF(COUNTIF('📋 Báo Cáo 49 Ngày'!H374:N374, "<>")>0, "🖼️ Có kèm ảnh", "—") | H78: ='📋 Báo Cáo 49 Ngày'!O374 | I78: ='📋 Báo Cáo 49 Ngày'!P374
A79: 2 | B79: Hoài Học Mãi | C79: ='📋 Báo Cáo 49 Ngày'!G375 | D79: ='📋 Báo Cáo 49 Ngày'!I375 | E79: ='📋 Báo Cáo 49 Ngày'!K375 | F79: ='📋 Báo Cáo 49 Ngày'!M375 | G79: =IF(COUNTIF('📋 Báo Cáo 49 Ngày'!H375:N375, "<>")>0, "🖼️ Có kèm ảnh", "—") | H79: ='📋 Báo Cáo 49 Ngày'!O375 | I79: ='📋 Báo Cáo 49 Ngày'!P375
A80: 3 | B80: Lambee | C80: ='📋 Báo Cáo 49 Ngày'!G376 | D80: ='📋 Báo Cáo 49 Ngày'!I376 | E80: ='📋 Báo Cáo 49 Ngày'!K376 | F80: ='📋 Báo Cáo 49 Ngày'!M376 | G80: =IF(COUNTIF('📋 Báo Cáo 49 Ngày'!H376:N376, "<>")>0, "🖼️ Có kèm ảnh", "—") | H80: ='📋 Báo Cáo 49 Ngày'!O376 | I80: ='📋 Báo Cáo 49 Ngày'!P376
A81: 4 | B81: Nhung Hoàng | C81: ='📋 Báo Cáo 49 Ngày'!G377 | D81: ='📋 Báo Cáo 49 Ngày'!I377 | E81: ='📋 Báo Cáo 49 Ngày'!K377 | F81: ='📋 Báo Cáo 49 Ngày'!M377 | G81: =IF(COUNTIF('📋 Báo Cáo 49 Ngày'!H377:N377, "<>")>0, "🖼️ Có kèm ảnh", "—") | H81: ='📋 Báo Cáo 49 Ngày'!O377 | I81: ='📋 Báo Cáo 49 Ngày'!P377
A82: 5 | B82: Quỳnh Thu | C82: ='📋 Báo Cáo 49 Ngày'!G378 | D82: ='📋 Báo Cáo 49 Ngày'!I378 | E82: ='📋 Báo Cáo 49 Ngày'!K378 | F82: ='📋 Báo Cáo 49 Ngày'!M378 | G82: =IF(COUNTIF('📋 Báo Cáo 49 Ngày'!H378:N378, "<>")>0, "🖼️ Có kèm ảnh", "—") | H82: ='📋 Báo Cáo 49 Ngày'!O378 | I82: ='📋 Báo Cáo 49 Ngày'!P378
A83: 6 | B83: TanAnh Pham | C83: ='📋 Báo Cáo 49 Ngày'!G379 | D83: ='📋 Báo Cáo 49 Ngày'!I379 | E83: ='📋 Báo Cáo 49 Ngày'!K379 | F83: ='📋 Báo Cáo 49 Ngày'!M379 | G83: =IF(COUNTIF('📋 Báo Cáo 49 Ngày'!H379:N379, "<>")>0, "🖼️ Có kèm ảnh", "—") | H83: ='📋 Báo Cáo 49 Ngày'!O379 | I83: ='📋 Báo Cáo 49 Ngày'!P379
A84: 7 | B84: Thảo Collins Edu | C84: ='📋 Báo Cáo 49 Ngày'!G380 | D84: ='📋 Báo Cáo 49 Ngày'!I380 | E84: ='📋 Báo Cáo 49 Ngày'!K380 | F84: ='📋 Báo Cáo 49 Ngày'!M380 | G84: =IF(COUNTIF('📋 Báo Cáo 49 Ngày'!H380:N380, "<>")>0, "🖼️ Có kèm ảnh", "—") | H84: ='📋 Báo Cáo 49 Ngày'!O380 | I84: ='📋 Báo Cáo 49 Ngày'!P380
A85: 8 | B85: Trần Quế Lam | C85: ='📋 Báo Cáo 49 Ngày'!G381 | D85: ='📋 Báo Cáo 49 Ngày'!I381 | E85: ='📋 Báo Cáo 49 Ngày'!K381 | F85: ='📋 Báo Cáo 49 Ngày'!M381 | G85: =IF(COUNTIF('📋 Báo Cáo 49 Ngày'!H381:N381, "<>")>0, "🖼️ Có kèm ảnh", "—") | H85: ='📋 Báo Cáo 49 Ngày'!O381 | I85: ='📋 Báo Cáo 49 Ngày'!P381
A86: 9 | B86: Phạm Huyền | C86: ='📋 Báo Cáo 49 Ngày'!G382 | D86: ='📋 Báo Cáo 49 Ngày'!I382 | E86: ='📋 Báo Cáo 49 Ngày'!K382 | F86: ='📋 Báo Cáo 49 Ngày'!M382 | G86: =IF(COUNTIF('📋 Báo Cáo 49 Ngày'!H382:N382, "<>")>0, "🖼️ Có kèm ảnh", "—") | H86: ='📋 Báo Cáo 49 Ngày'!O382 | I86: ='📋 Báo Cáo 49 Ngày'!P382

Sheet Tuần 7
A1: 📅 TUẦN 7 (20/10 - 26/10/2026) - BÁO CÁO 9 THÀNH VIÊN
A4: 📍 THỨ 3 (20/10/2026) - NGÀY 43 / 49
A5: STT | B5: Thành Viên | C5: Reel (Link/Ảnh) | D5: Bài Viết 1 (Link/Ảnh) | E5: Bài Viết 2 (Link/Ảnh) | F5: Bài Tập Nhóm (Link/Ảnh) | G5: Chi Tiết Ảnh Minh Chứng | H5: Hoàn Thành | I5: Đánh Giá | J5: Ghi Chú
A6: 1 | B6: Nancy | C6: ='📋 Báo Cáo 49 Ngày'!G383 | D6: ='📋 Báo Cáo 49 Ngày'!I383 | E6: ='📋 Báo Cáo 49 Ngày'!K383 | F6: ='📋 Báo Cáo 49 Ngày'!M383 | G6: =IF(COUNTIF('📋 Báo Cáo 49 Ngày'!H383:N383, "<>")>0, "🖼️ Có kèm ảnh", "—") | H6: ='📋 Báo Cáo 49 Ngày'!O383 | I6: ='📋 Báo Cáo 49 Ngày'!P383
A7: 2 | B7: Hoài Học Mãi | C7: ='📋 Báo Cáo 49 Ngày'!G384 | D7: ='📋 Báo Cáo 49 Ngày'!I384 | E7: ='📋 Báo Cáo 49 Ngày'!K384 | F7: ='📋 Báo Cáo 49 Ngày'!M384 | G7: =IF(COUNTIF('📋 Báo Cáo 49 Ngày'!H384:N384, "<>")>0, "🖼️ Có kèm ảnh", "—") | H7: ='📋 Báo Cáo 49 Ngày'!O384 | I7: ='📋 Báo Cáo 49 Ngày'!P384
A8: 3 | B8: Lambee | C8: ='📋 Báo Cáo 49 Ngày'!G385 | D8: ='📋 Báo Cáo 49 Ngày'!I385 | E8: ='📋 Báo Cáo 49 Ngày'!K385 | F8: ='📋 Báo Cáo 49 Ngày'!M385 | G8: =IF(COUNTIF('📋 Báo Cáo 49 Ngày'!H385:N385, "<>")>0, "🖼️ Có kèm ảnh", "—") | H8: ='📋 Báo Cáo 49 Ngày'!O385 | I8: ='📋 Báo Cáo 49 Ngày'!P385
A9: 4 | B9: Nhung Hoàng | C9: ='📋 Báo Cáo 49 Ngày'!G386 | D9: ='📋 Báo Cáo 49 Ngày'!I386 | E9: ='📋 Báo Cáo 49 Ngày'!K386 | F9: ='📋 Báo Cáo 49 Ngày'!M386 | G9: =IF(COUNTIF('📋 Báo Cáo 49 Ngày'!H386:N386, "<>")>0, "🖼️ Có kèm ảnh", "—") | H9: ='📋 Báo Cáo 49 Ngày'!O386 | I9: ='📋 Báo Cáo 49 Ngày'!P386
A10: 5 | B10: Quỳnh Thu | C10: ='📋 Báo Cáo 49 Ngày'!G387 | D10: ='📋 Báo Cáo 49 Ngày'!I387 | E10: ='📋 Báo Cáo 49 Ngày'!K387 | F10: ='📋 Báo Cáo 49 Ngày'!M387 | G10: =IF(COUNTIF('📋 Báo Cáo 49 Ngày'!H387:N387, "<>")>0, "🖼️ Có kèm ảnh", "—") | H10: ='📋 Báo Cáo 49 Ngày'!O387 | I10: ='📋 Báo Cáo 49 Ngày'!P387
A11: 6 | B11: TanAnh Pham | C11: ='📋 Báo Cáo 49 Ngày'!G388 | D11: ='📋 Báo Cáo 49 Ngày'!I388 | E11: ='📋 Báo Cáo 49 Ngày'!K388 | F11: ='📋 Báo Cáo 49 Ngày'!M388 | G11: =IF(COUNTIF('📋 Báo Cáo 49 Ngày'!H388:N388, "<>")>0, "🖼️ Có kèm ảnh", "—") | H11: ='📋 Báo Cáo 49 Ngày'!O388 | I11: ='📋 Báo Cáo 49 Ngày'!P388
A12: 7 | B12: Thảo Collins Edu | C12: ='📋 Báo Cáo 49 Ngày'!G389 | D12: ='📋 Báo Cáo 49 Ngày'!I389 | E12: ='📋 Báo Cáo 49 Ngày'!K389 | F12: ='📋 Báo Cáo 49 Ngày'!M389 | G12: =IF(COUNTIF('📋 Báo Cáo 49 Ngày'!H389:N389, "<>")>0, "🖼️ Có kèm ảnh", "—") | H12: ='📋 Báo Cáo 49 Ngày'!O389 | I12: ='📋 Báo Cáo 49 Ngày'!P389
A13: 8 | B13: Trần Quế Lam | C13: ='📋 Báo Cáo 49 Ngày'!G390 | D13: ='📋 Báo Cáo 49 Ngày'!I390 | E13: ='📋 Báo Cáo 49 Ngày'!K390 | F13: ='📋 Báo Cáo 49 Ngày'!M390 | G13: =IF(COUNTIF('📋 Báo Cáo 49 Ngày'!H390:N390, "<>")>0, "🖼️ Có kèm ảnh", "—") | H13: ='📋 Báo Cáo 49 Ngày'!O390 | I13: ='📋 Báo Cáo 49 Ngày'!P390
A14: 9 | B14: Phạm Huyền | C14: ='📋 Báo Cáo 49 Ngày'!G391 | D14: ='📋 Báo Cáo 49 Ngày'!I391 | E14: ='📋 Báo Cáo 49 Ngày'!K391 | F14: ='📋 Báo Cáo 49 Ngày'!M391 | G14: =IF(COUNTIF('📋 Báo Cáo 49 Ngày'!H391:N391, "<>")>0, "🖼️ Có kèm ảnh", "—") | H14: ='📋 Báo Cáo 49 Ngày'!O391 | I14: ='📋 Báo Cáo 49 Ngày'!P391
A16: 📍 THỨ 4 (21/10/2026) - NGÀY 44 / 49
A17: STT | B17: Thành Viên | C17: Reel (Link/Ảnh) | D17: Bài Viết 1 (Link/Ảnh) | E17: Bài Viết 2 (Link/Ảnh) | F17: Bài Tập Nhóm (Link/Ảnh) | G17: Chi Tiết Ảnh Minh Chứng | H17: Hoàn Thành | I17: Đánh Giá | J17: Ghi Chú
A18: 1 | B18: Nancy | C18: ='📋 Báo Cáo 49 Ngày'!G392 | D18: ='📋 Báo Cáo 49 Ngày'!I392 | E18: ='📋 Báo Cáo 49 Ngày'!K392 | F18: ='📋 Báo Cáo 49 Ngày'!M392 | G18: =IF(COUNTIF('📋 Báo Cáo 49 Ngày'!H392:N392, "<>")>0, "🖼️ Có kèm ảnh", "—") | H18: ='📋 Báo Cáo 49 Ngày'!O392 | I18: ='📋 Báo Cáo 49 Ngày'!P392
A19: 2 | B19: Hoài Học Mãi | C19: ='📋 Báo Cáo 49 Ngày'!G393 | D19: ='📋 Báo Cáo 49 Ngày'!I393 | E19: ='📋 Báo Cáo 49 Ngày'!K393 | F19: ='📋 Báo Cáo 49 Ngày'!M393 | G19: =IF(COUNTIF('📋 Báo Cáo 49 Ngày'!H393:N393, "<>")>0, "🖼️ Có kèm ảnh", "—") | H19: ='📋 Báo Cáo 49 Ngày'!O393 | I19: ='📋 Báo Cáo 49 Ngày'!P393
A20: 3 | B20: Lambee | C20: ='📋 Báo Cáo 49 Ngày'!G394 | D20: ='📋 Báo Cáo 49 Ngày'!I394 | E20: ='📋 Báo Cáo 49 Ngày'!K394 | F20: ='📋 Báo Cáo 49 Ngày'!M394 | G20: =IF(COUNTIF('📋 Báo Cáo 49 Ngày'!H394:N394, "<>")>0, "🖼️ Có kèm ảnh", "—") | H20: ='📋 Báo Cáo 49 Ngày'!O394 | I20: ='📋 Báo Cáo 49 Ngày'!P394
A21: 4 | B21: Nhung Hoàng | C21: ='📋 Báo Cáo 49 Ngày'!G395 | D21: ='📋 Báo Cáo 49 Ngày'!I395 | E21: ='📋 Báo Cáo 49 Ngày'!K395 | F21: ='📋 Báo Cáo 49 Ngày'!M395 | G21: =IF(COUNTIF('📋 Báo Cáo 49 Ngày'!H395:N395, "<>")>0, "🖼️ Có kèm ảnh", "—") | H21: ='📋 Báo Cáo 49 Ngày'!O395 | I21: ='📋 Báo Cáo 49 Ngày'!P395
A22: 5 | B22: Quỳnh Thu | C22: ='📋 Báo Cáo 49 Ngày'!G396 | D22: ='📋 Báo Cáo 49 Ngày'!I396 | E22: ='📋 Báo Cáo 49 Ngày'!K396 | F22: ='📋 Báo Cáo 49 Ngày'!M396 | G22: =IF(COUNTIF('📋 Báo Cáo 49 Ngày'!H396:N396, "<>")>0, "🖼️ Có kèm ảnh", "—") | H22: ='📋 Báo Cáo 49 Ngày'!O396 | I22: ='📋 Báo Cáo 49 Ngày'!P396
A23: 6 | B23: TanAnh Pham | C23: ='📋 Báo Cáo 49 Ngày'!G397 | D23: ='📋 Báo Cáo 49 Ngày'!I397 | E23: ='📋 Báo Cáo 49 Ngày'!K397 | F23: ='📋 Báo Cáo 49 Ngày'!M397 | G23: =IF(COUNTIF('📋 Báo Cáo 49 Ngày'!H397:N397, "<>")>0, "🖼️ Có kèm ảnh", "—") | H23: ='📋 Báo Cáo 49 Ngày'!O397 | I23: ='📋 Báo Cáo 49 Ngày'!P397
A24: 7 | B24: Thảo Collins Edu | C24: ='📋 Báo Cáo 49 Ngày'!G398 | D24: ='📋 Báo Cáo 49 Ngày'!I398 | E24: ='📋 Báo Cáo 49 Ngày'!K398 | F24: ='📋 Báo Cáo 49 Ngày'!M398 | G24: =IF(COUNTIF('📋 Báo Cáo 49 Ngày'!H398:N398, "<>")>0, "🖼️ Có kèm ảnh", "—") | H24: ='📋 Báo Cáo 49 Ngày'!O398 | I24: ='📋 Báo Cáo 49 Ngày'!P398
A25: 8 | B25: Trần Quế Lam | C25: ='📋 Báo Cáo 49 Ngày'!G399 | D25: ='📋 Báo Cáo 49 Ngày'!I399 | E25: ='📋 Báo Cáo 49 Ngày'!K399 | F25: ='📋 Báo Cáo 49 Ngày'!M399 | G25: =IF(COUNTIF('📋 Báo Cáo 49 Ngày'!H399:N399, "<>")>0, "🖼️ Có kèm ảnh", "—") | H25: ='📋 Báo Cáo 49 Ngày'!O399 | I25: ='📋 Báo Cáo 49 Ngày'!P399
A26: 9 | B26: Phạm Huyền | C26: ='📋 Báo Cáo 49 Ngày'!G400 | D26: ='📋 Báo Cáo 49 Ngày'!I400 | E26: ='📋 Báo Cáo 49 Ngày'!K400 | F26: ='📋 Báo Cáo 49 Ngày'!M400 | G26: =IF(COUNTIF('📋 Báo Cáo 49 Ngày'!H400:N400, "<>")>0, "🖼️ Có kèm ảnh", "—") | H26: ='📋 Báo Cáo 49 Ngày'!O400 | I26: ='📋 Báo Cáo 49 Ngày'!P400
A28: 📍 THỨ 5 (22/10/2026) - NGÀY 45 / 49
A29: STT | B29: Thành Viên | C29: Reel (Link/Ảnh) | D29: Bài Viết 1 (Link/Ảnh) | E29: Bài Viết 2 (Link/Ảnh) | F29: Bài Tập Nhóm (Link/Ảnh) | G29: Chi Tiết Ảnh Minh Chứng | H29: Hoàn Thành | I29: Đánh Giá | J29: Ghi Chú
A30: 1 | B30: Nancy | C30: ='📋 Báo Cáo 49 Ngày'!G401 | D30: ='📋 Báo Cáo 49 Ngày'!I401 | E30: ='📋 Báo Cáo 49 Ngày'!K401 | F30: ='📋 Báo Cáo 49 Ngày'!M401 | G30: =IF(COUNTIF('📋 Báo Cáo 49 Ngày'!H401:N401, "<>")>0, "🖼️ Có kèm ảnh", "—") | H30: ='📋 Báo Cáo 49 Ngày'!O401 | I30: ='📋 Báo Cáo 49 Ngày'!P401
A31: 2 | B31: Hoài Học Mãi | C31: ='📋 Báo Cáo 49 Ngày'!G402 | D31: ='📋 Báo Cáo 49 Ngày'!I402 | E31: ='📋 Báo Cáo 49 Ngày'!K402 | F31: ='📋 Báo Cáo 49 Ngày'!M402 | G31: =IF(COUNTIF('📋 Báo Cáo 49 Ngày'!H402:N402, "<>")>0, "🖼️ Có kèm ảnh", "—") | H31: ='📋 Báo Cáo 49 Ngày'!O402 | I31: ='📋 Báo Cáo 49 Ngày'!P402
A32: 3 | B32: Lambee | C32: ='📋 Báo Cáo 49 Ngày'!G403 | D32: ='📋 Báo Cáo 49 Ngày'!I403 | E32: ='📋 Báo Cáo 49 Ngày'!K403 | F32: ='📋 Báo Cáo 49 Ngày'!M403 | G32: =IF(COUNTIF('📋 Báo Cáo 49 Ngày'!H403:N403, "<>")>0, "🖼️ Có kèm ảnh", "—") | H32: ='📋 Báo Cáo 49 Ngày'!O403 | I32: ='📋 Báo Cáo 49 Ngày'!P403
A33: 4 | B33: Nhung Hoàng | C33: ='📋 Báo Cáo 49 Ngày'!G404 | D33: ='📋 Báo Cáo 49 Ngày'!I404 | E33: ='📋 Báo Cáo 49 Ngày'!K404 | F33: ='📋 Báo Cáo 49 Ngày'!M404 | G33: =IF(COUNTIF('📋 Báo Cáo 49 Ngày'!H404:N404, "<>")>0, "🖼️ Có kèm ảnh", "—") | H33: ='📋 Báo Cáo 49 Ngày'!O404 | I33: ='📋 Báo Cáo 49 Ngày'!P404
A34: 5 | B34: Quỳnh Thu | C34: ='📋 Báo Cáo 49 Ngày'!G405 | D34: ='📋 Báo Cáo 49 Ngày'!I405 | E34: ='📋 Báo Cáo 49 Ngày'!K405 | F34: ='📋 Báo Cáo 49 Ngày'!M405 | G34: =IF(COUNTIF('📋 Báo Cáo 49 Ngày'!H405:N405, "<>")>0, "🖼️ Có kèm ảnh", "—") | H34: ='📋 Báo Cáo 49 Ngày'!O405 | I34: ='📋 Báo Cáo 49 Ngày'!P405
A35: 6 | B35: TanAnh Pham | C35: ='📋 Báo Cáo 49 Ngày'!G406 | D35: ='📋 Báo Cáo 49 Ngày'!I406 | E35: ='📋 Báo Cáo 49 Ngày'!K406 | F35: ='📋 Báo Cáo 49 Ngày'!M406 | G35: =IF(COUNTIF('📋 Báo Cáo 49 Ngày'!H406:N406, "<>")>0, "🖼️ Có kèm ảnh", "—") | H35: ='📋 Báo Cáo 49 Ngày'!O406 | I35: ='📋 Báo Cáo 49 Ngày'!P406
A36: 7 | B36: Thảo Collins Edu | C36: ='📋 Báo Cáo 49 Ngày'!G407 | D36: ='📋 Báo Cáo 49 Ngày'!I407 | E36: ='📋 Báo Cáo 49 Ngày'!K407 | F36: ='📋 Báo Cáo 49 Ngày'!M407 | G36: =IF(COUNTIF('📋 Báo Cáo 49 Ngày'!H407:N407, "<>")>0, "🖼️ Có kèm ảnh", "—") | H36: ='📋 Báo Cáo 49 Ngày'!O407 | I36: ='📋 Báo Cáo 49 Ngày'!P407
A37: 8 | B37: Trần Quế Lam | C37: ='📋 Báo Cáo 49 Ngày'!G408 | D37: ='📋 Báo Cáo 49 Ngày'!I408 | E37: ='📋 Báo Cáo 49 Ngày'!K408 | F37: ='📋 Báo Cáo 49 Ngày'!M408 | G37: =IF(COUNTIF('📋 Báo Cáo 49 Ngày'!H408:N408, "<>")>0, "🖼️ Có kèm ảnh", "—") | H37: ='📋 Báo Cáo 49 Ngày'!O408 | I37: ='📋 Báo Cáo 49 Ngày'!P408
A38: 9 | B38: Phạm Huyền | C38: ='📋 Báo Cáo 49 Ngày'!G409 | D38: ='📋 Báo Cáo 49 Ngày'!I409 | E38: ='📋 Báo Cáo 49 Ngày'!K409 | F38: ='📋 Báo Cáo 49 Ngày'!M409 | G38: =IF(COUNTIF('📋 Báo Cáo 49 Ngày'!H409:N409, "<>")>0, "🖼️ Có kèm ảnh", "—") | H38: ='📋 Báo Cáo 49 Ngày'!O409 | I38: ='📋 Báo Cáo 49 Ngày'!P409
A40: 📍 THỨ 6 (23/10/2026) - NGÀY 46 / 49
A41: STT | B41: Thành Viên | C41: Reel (Link/Ảnh) | D41: Bài Viết 1 (Link/Ảnh) | E41: Bài Viết 2 (Link/Ảnh) | F41: Bài Tập Nhóm (Link/Ảnh) | G41: Chi Tiết Ảnh Minh Chứng | H41: Hoàn Thành | I41: Đánh Giá | J41: Ghi Chú
A42: 1 | B42: Nancy | C42: ='📋 Báo Cáo 49 Ngày'!G410 | D42: ='📋 Báo Cáo 49 Ngày'!I410 | E42: ='📋 Báo Cáo 49 Ngày'!K410 | F42: ='📋 Báo Cáo 49 Ngày'!M410 | G42: =IF(COUNTIF('📋 Báo Cáo 49 Ngày'!H410:N410, "<>")>0, "🖼️ Có kèm ảnh", "—") | H42: ='📋 Báo Cáo 49 Ngày'!O410 | I42: ='📋 Báo Cáo 49 Ngày'!P410
A43: 2 | B43: Hoài Học Mãi | C43: ='📋 Báo Cáo 49 Ngày'!G411 | D43: ='📋 Báo Cáo 49 Ngày'!I411 | E43: ='📋 Báo Cáo 49 Ngày'!K411 | F43: ='📋 Báo Cáo 49 Ngày'!M411 | G43: =IF(COUNTIF('📋 Báo Cáo 49 Ngày'!H411:N411, "<>")>0, "🖼️ Có kèm ảnh", "—") | H43: ='📋 Báo Cáo 49 Ngày'!O411 | I43: ='📋 Báo Cáo 49 Ngày'!P411
A44: 3 | B44: Lambee | C44: ='📋 Báo Cáo 49 Ngày'!G412 | D44: ='📋 Báo Cáo 49 Ngày'!I412 | E44: ='📋 Báo Cáo 49 Ngày'!K412 | F44: ='📋 Báo Cáo 49 Ngày'!M412 | G44: =IF(COUNTIF('📋 Báo Cáo 49 Ngày'!H412:N412, "<>")>0, "🖼️ Có kèm ảnh", "—") | H44: ='📋 Báo Cáo 49 Ngày'!O412 | I44: ='📋 Báo Cáo 49 Ngày'!P412
A45: 4 | B45: Nhung Hoàng | C45: ='📋 Báo Cáo 49 Ngày'!G413 | D45: ='📋 Báo Cáo 49 Ngày'!I413 | E45: ='📋 Báo Cáo 49 Ngày'!K413 | F45: ='📋 Báo Cáo 49 Ngày'!M413 | G45: =IF(COUNTIF('📋 Báo Cáo 49 Ngày'!H413:N413, "<>")>0, "🖼️ Có kèm ảnh", "—") | H45: ='📋 Báo Cáo 49 Ngày'!O413 | I45: ='📋 Báo Cáo 49 Ngày'!P413
A46: 5 | B46: Quỳnh Thu | C46: ='📋 Báo Cáo 49 Ngày'!G414 | D46: ='📋 Báo Cáo 49 Ngày'!I414 | E46: ='📋 Báo Cáo 49 Ngày'!K414 | F46: ='📋 Báo Cáo 49 Ngày'!M414 | G46: =IF(COUNTIF('📋 Báo Cáo 49 Ngày'!H414:N414, "<>")>0, "🖼️ Có kèm ảnh", "—") | H46: ='📋 Báo Cáo 49 Ngày'!O414 | I46: ='📋 Báo Cáo 49 Ngày'!P414
A47: 6 | B47: TanAnh Pham | C47: ='📋 Báo Cáo 49 Ngày'!G415 | D47: ='📋 Báo Cáo 49 Ngày'!I415 | E47: ='📋 Báo Cáo 49 Ngày'!K415 | F47: ='📋 Báo Cáo 49 Ngày'!M415 | G47: =IF(COUNTIF('📋 Báo Cáo 49 Ngày'!H415:N415, "<>")>0, "🖼️ Có kèm ảnh", "—") | H47: ='📋 Báo Cáo 49 Ngày'!O415 | I47: ='📋 Báo Cáo 49 Ngày'!P415
A48: 7 | B48: Thảo Collins Edu | C48: ='📋 Báo Cáo 49 Ngày'!G416 | D48: ='📋 Báo Cáo 49 Ngày'!I416 | E48: ='📋 Báo Cáo 49 Ngày'!K416 | F48: ='📋 Báo Cáo 49 Ngày'!M416 | G48: =IF(COUNTIF('📋 Báo Cáo 49 Ngày'!H416:N416, "<>")>0, "🖼️ Có kèm ảnh", "—") | H48: ='📋 Báo Cáo 49 Ngày'!O416 | I48: ='📋 Báo Cáo 49 Ngày'!P416
A49: 8 | B49: Trần Quế Lam | C49: ='📋 Báo Cáo 49 Ngày'!G417 | D49: ='📋 Báo Cáo 49 Ngày'!I417 | E49: ='📋 Báo Cáo 49 Ngày'!K417 | F49: ='📋 Báo Cáo 49 Ngày'!M417 | G49: =IF(COUNTIF('📋 Báo Cáo 49 Ngày'!H417:N417, "<>")>0, "🖼️ Có kèm ảnh", "—") | H49: ='📋 Báo Cáo 49 Ngày'!O417 | I49: ='📋 Báo Cáo 49 Ngày'!P417
A50: 9 | B50: Phạm Huyền | C50: ='📋 Báo Cáo 49 Ngày'!G418 | D50: ='📋 Báo Cáo 49 Ngày'!I418 | E50: ='📋 Báo Cáo 49 Ngày'!K418 | F50: ='📋 Báo Cáo 49 Ngày'!M418 | G50: =IF(COUNTIF('📋 Báo Cáo 49 Ngày'!H418:N418, "<>")>0, "🖼️ Có kèm ảnh", "—") | H50: ='📋 Báo Cáo 49 Ngày'!O418 | I50: ='📋 Báo Cáo 49 Ngày'!P418
A52: 📍 THỨ 7 (24/10/2026) - NGÀY 47 / 49
A53: STT | B53: Thành Viên | C53: Reel (Link/Ảnh) | D53: Bài Viết 1 (Link/Ảnh) | E53: Bài Viết 2 (Link/Ảnh) | F53: Bài Tập Nhóm (Link/Ảnh) | G53: Chi Tiết Ảnh Minh Chứng | H53: Hoàn Thành | I53: Đánh Giá | J53: Ghi Chú
A54: 1 | B54: Nancy | C54: ='📋 Báo Cáo 49 Ngày'!G419 | D54: ='📋 Báo Cáo 49 Ngày'!I419 | E54: ='📋 Báo Cáo 49 Ngày'!K419 | F54: ='📋 Báo Cáo 49 Ngày'!M419 | G54: =IF(COUNTIF('📋 Báo Cáo 49 Ngày'!H419:N419, "<>")>0, "🖼️ Có kèm ảnh", "—") | H54: ='📋 Báo Cáo 49 Ngày'!O419 | I54: ='📋 Báo Cáo 49 Ngày'!P419
A55: 2 | B55: Hoài Học Mãi | C55: ='📋 Báo Cáo 49 Ngày'!G420 | D55: ='📋 Báo Cáo 49 Ngày'!I420 | E55: ='📋 Báo Cáo 49 Ngày'!K420 | F55: ='📋 Báo Cáo 49 Ngày'!M420 | G55: =IF(COUNTIF('📋 Báo Cáo 49 Ngày'!H420:N420, "<>")>0, "🖼️ Có kèm ảnh", "—") | H55: ='📋 Báo Cáo 49 Ngày'!O420 | I55: ='📋 Báo Cáo 49 Ngày'!P420
A56: 3 | B56: Lambee | C56: ='📋 Báo Cáo 49 Ngày'!G421 | D56: ='📋 Báo Cáo 49 Ngày'!I421 | E56: ='📋 Báo Cáo 49 Ngày'!K421 | F56: ='📋 Báo Cáo 49 Ngày'!M421 | G56: =IF(COUNTIF('📋 Báo Cáo 49 Ngày'!H421:N421, "<>")>0, "🖼️ Có kèm ảnh", "—") | H56: ='📋 Báo Cáo 49 Ngày'!O421 | I56: ='📋 Báo Cáo 49 Ngày'!P421
A57: 4 | B57: Nhung Hoàng | C57: ='📋 Báo Cáo 49 Ngày'!G422 | D57: ='📋 Báo Cáo 49 Ngày'!I422 | E57: ='📋 Báo Cáo 49 Ngày'!K422 | F57: ='📋 Báo Cáo 49 Ngày'!M422 | G57: =IF(COUNTIF('📋 Báo Cáo 49 Ngày'!H422:N422, "<>")>0, "🖼️ Có kèm ảnh", "—") | H57: ='📋 Báo Cáo 49 Ngày'!O422 | I57: ='📋 Báo Cáo 49 Ngày'!P422
A58: 5 | B58: Quỳnh Thu | C58: ='📋 Báo Cáo 49 Ngày'!G423 | D58: ='📋 Báo Cáo 49 Ngày'!I423 | E58: ='📋 Báo Cáo 49 Ngày'!K423 | F58: ='📋 Báo Cáo 49 Ngày'!M423 | G58: =IF(COUNTIF('📋 Báo Cáo 49 Ngày'!H423:N423, "<>")>0, "🖼️ Có kèm ảnh", "—") | H58: ='📋 Báo Cáo 49 Ngày'!O423 | I58: ='📋 Báo Cáo 49 Ngày'!P423
A59: 6 | B59: TanAnh Pham | C59: ='📋 Báo Cáo 49 Ngày'!G424 | D59: ='📋 Báo Cáo 49 Ngày'!I424 | E59: ='📋 Báo Cáo 49 Ngày'!K424 | F59: ='📋 Báo Cáo 49 Ngày'!M424 | G59: =IF(COUNTIF('📋 Báo Cáo 49 Ngày'!H424:N424, "<>")>0, "🖼️ Có kèm ảnh", "—") | H59: ='📋 Báo Cáo 49 Ngày'!O424 | I59: ='📋 Báo Cáo 49 Ngày'!P424
A60: 7 | B60: Thảo Collins Edu | C60: ='📋 Báo Cáo 49 Ngày'!G425 | D60: ='📋 Báo Cáo 49 Ngày'!I425 | E60: ='📋 Báo Cáo 49 Ngày'!K425 | F60: ='📋 Báo Cáo 49 Ngày'!M425 | G60: =IF(COUNTIF('📋 Báo Cáo 49 Ngày'!H425:N425, "<>")>0, "🖼️ Có kèm ảnh", "—") | H60: ='📋 Báo Cáo 49 Ngày'!O425 | I60: ='📋 Báo Cáo 49 Ngày'!P425
A61: 8 | B61: Trần Quế Lam | C61: ='📋 Báo Cáo 49 Ngày'!G426 | D61: ='📋 Báo Cáo 49 Ngày'!I426 | E61: ='📋 Báo Cáo 49 Ngày'!K426 | F61: ='📋 Báo Cáo 49 Ngày'!M426 | G61: =IF(COUNTIF('📋 Báo Cáo 49 Ngày'!H426:N426, "<>")>0, "🖼️ Có kèm ảnh", "—") | H61: ='📋 Báo Cáo 49 Ngày'!O426 | I61: ='📋 Báo Cáo 49 Ngày'!P426
A62: 9 | B62: Phạm Huyền | C62: ='📋 Báo Cáo 49 Ngày'!G427 | D62: ='📋 Báo Cáo 49 Ngày'!I427 | E62: ='📋 Báo Cáo 49 Ngày'!K427 | F62: ='📋 Báo Cáo 49 Ngày'!M427 | G62: =IF(COUNTIF('📋 Báo Cáo 49 Ngày'!H427:N427, "<>")>0, "🖼️ Có kèm ảnh", "—") | H62: ='📋 Báo Cáo 49 Ngày'!O427 | I62: ='📋 Báo Cáo 49 Ngày'!P427
A64: 📍 CHỦ NHẬT (25/10/2026) - NGÀY 48 / 49
A65: STT | B65: Thành Viên | C65: Reel (Link/Ảnh) | D65: Bài Viết 1 (Link/Ảnh) | E65: Bài Viết 2 (Link/Ảnh) | F65: Bài Tập Nhóm (Link/Ảnh) | G65: Chi Tiết Ảnh Minh Chứng | H65: Hoàn Thành | I65: Đánh Giá | J65: Ghi Chú
A66: 1 | B66: Nancy | C66: ='📋 Báo Cáo 49 Ngày'!G428 | D66: ='📋 Báo Cáo 49 Ngày'!I428 | E66: ='📋 Báo Cáo 49 Ngày'!K428 | F66: ='📋 Báo Cáo 49 Ngày'!M428 | G66: =IF(COUNTIF('📋 Báo Cáo 49 Ngày'!H428:N428, "<>")>0, "🖼️ Có kèm ảnh", "—") | H66: ='📋 Báo Cáo 49 Ngày'!O428 | I66: ='📋 Báo Cáo 49 Ngày'!P428
A67: 2 | B67: Hoài Học Mãi | C67: ='📋 Báo Cáo 49 Ngày'!G429 | D67: ='📋 Báo Cáo 49 Ngày'!I429 | E67: ='📋 Báo Cáo 49 Ngày'!K429 | F67: ='📋 Báo Cáo 49 Ngày'!M429 | G67: =IF(COUNTIF('📋 Báo Cáo 49 Ngày'!H429:N429, "<>")>0, "🖼️ Có kèm ảnh", "—") | H67: ='📋 Báo Cáo 49 Ngày'!O429 | I67: ='📋 Báo Cáo 49 Ngày'!P429
A68: 3 | B68: Lambee | C68: ='📋 Báo Cáo 49 Ngày'!G430 | D68: ='📋 Báo Cáo 49 Ngày'!I430 | E68: ='📋 Báo Cáo 49 Ngày'!K430 | F68: ='📋 Báo Cáo 49 Ngày'!M430 | G68: =IF(COUNTIF('📋 Báo Cáo 49 Ngày'!H430:N430, "<>")>0, "🖼️ Có kèm ảnh", "—") | H68: ='📋 Báo Cáo 49 Ngày'!O430 | I68: ='📋 Báo Cáo 49 Ngày'!P430
A69: 4 | B69: Nhung Hoàng | C69: ='📋 Báo Cáo 49 Ngày'!G431 | D69: ='📋 Báo Cáo 49 Ngày'!I431 | E69: ='📋 Báo Cáo 49 Ngày'!K431 | F69: ='📋 Báo Cáo 49 Ngày'!M431 | G69: =IF(COUNTIF('📋 Báo Cáo 49 Ngày'!H431:N431, "<>")>0, "🖼️ Có kèm ảnh", "—") | H69: ='📋 Báo Cáo 49 Ngày'!O431 | I69: ='📋 Báo Cáo 49 Ngày'!P431
A70: 5 | B70: Quỳnh Thu | C70: ='📋 Báo Cáo 49 Ngày'!G432 | D70: ='📋 Báo Cáo 49 Ngày'!I432 | E70: ='📋 Báo Cáo 49 Ngày'!K432 | F70: ='📋 Báo Cáo 49 Ngày'!M432 | G70: =IF(COUNTIF('📋 Báo Cáo 49 Ngày'!H432:N432, "<>")>0, "🖼️ Có kèm ảnh", "—") | H70: ='📋 Báo Cáo 49 Ngày'!O432 | I70: ='📋 Báo Cáo 49 Ngày'!P432
A71: 6 | B71: TanAnh Pham | C71: ='📋 Báo Cáo 49 Ngày'!G433 | D71: ='📋 Báo Cáo 49 Ngày'!I433 | E71: ='📋 Báo Cáo 49 Ngày'!K433 | F71: ='📋 Báo Cáo 49 Ngày'!M433 | G71: =IF(COUNTIF('📋 Báo Cáo 49 Ngày'!H433:N433, "<>")>0, "🖼️ Có kèm ảnh", "—") | H71: ='📋 Báo Cáo 49 Ngày'!O433 | I71: ='📋 Báo Cáo 49 Ngày'!P433
A72: 7 | B72: Thảo Collins Edu | C72: ='📋 Báo Cáo 49 Ngày'!G434 | D72: ='📋 Báo Cáo 49 Ngày'!I434 | E72: ='📋 Báo Cáo 49 Ngày'!K434 | F72: ='📋 Báo Cáo 49 Ngày'!M434 | G72: =IF(COUNTIF('📋 Báo Cáo 49 Ngày'!H434:N434, "<>")>0, "🖼️ Có kèm ảnh", "—") | H72: ='📋 Báo Cáo 49 Ngày'!O434 | I72: ='📋 Báo Cáo 49 Ngày'!P434
A73: 8 | B73: Trần Quế Lam | C73: ='📋 Báo Cáo 49 Ngày'!G435 | D73: ='📋 Báo Cáo 49 Ngày'!I435 | E73: ='📋 Báo Cáo 49 Ngày'!K435 | F73: ='📋 Báo Cáo 49 Ngày'!M435 | G73: =IF(COUNTIF('📋 Báo Cáo 49 Ngày'!H435:N435, "<>")>0, "🖼️ Có kèm ảnh", "—") | H73: ='📋 Báo Cáo 49 Ngày'!O435 | I73: ='📋 Báo Cáo 49 Ngày'!P435
A74: 9 | B74: Phạm Huyền | C74: ='📋 Báo Cáo 49 Ngày'!G436 | D74: ='📋 Báo Cáo 49 Ngày'!I436 | E74: ='📋 Báo Cáo 49 Ngày'!K436 | F74: ='📋 Báo Cáo 49 Ngày'!M436 | G74: =IF(COUNTIF('📋 Báo Cáo 49 Ngày'!H436:N436, "<>")>0, "🖼️ Có kèm ảnh", "—") | H74: ='📋 Báo Cáo 49 Ngày'!O436 | I74: ='📋 Báo Cáo 49 Ngày'!P436
A76: 📍 THỨ 2 (26/10/2026) - NGÀY 49 / 49
A77: STT | B77: Thành Viên | C77: Reel (Link/Ảnh) | D77: Bài Viết 1 (Link/Ảnh) | E77: Bài Viết 2 (Link/Ảnh) | F77: Bài Tập Nhóm (Link/Ảnh) | G77: Chi Tiết Ảnh Minh Chứng | H77: Hoàn Thành | I77: Đánh Giá | J77: Ghi Chú
A78: 1 | B78: Nancy | C78: ='📋 Báo Cáo 49 Ngày'!G437 | D78: ='📋 Báo Cáo 49 Ngày'!I437 | E78: ='📋 Báo Cáo 49 Ngày'!K437 | F78: ='📋 Báo Cáo 49 Ngày'!M437 | G78: =IF(COUNTIF('📋 Báo Cáo 49 Ngày'!H437:N437, "<>")>0, "🖼️ Có kèm ảnh", "—") | H78: ='📋 Báo Cáo 49 Ngày'!O437 | I78: ='📋 Báo Cáo 49 Ngày'!P437
A79: 2 | B79: Hoài Học Mãi | C79: ='📋 Báo Cáo 49 Ngày'!G438 | D79: ='📋 Báo Cáo 49 Ngày'!I438 | E79: ='📋 Báo Cáo 49 Ngày'!K438 | F79: ='📋 Báo Cáo 49 Ngày'!M438 | G79: =IF(COUNTIF('📋 Báo Cáo 49 Ngày'!H438:N438, "<>")>0, "🖼️ Có kèm ảnh", "—") | H79: ='📋 Báo Cáo 49 Ngày'!O438 | I79: ='📋 Báo Cáo 49 Ngày'!P438
A80: 3 | B80: Lambee | C80: ='📋 Báo Cáo 49 Ngày'!G439 | D80: ='📋 Báo Cáo 49 Ngày'!I439 | E80: ='📋 Báo Cáo 49 Ngày'!K439 | F80: ='📋 Báo Cáo 49 Ngày'!M439 | G80: =IF(COUNTIF('📋 Báo Cáo 49 Ngày'!H439:N439, "<>")>0, "🖼️ Có kèm ảnh", "—") | H80: ='📋 Báo Cáo 49 Ngày'!O439 | I80: ='📋 Báo Cáo 49 Ngày'!P439
A81: 4 | B81: Nhung Hoàng | C81: ='📋 Báo Cáo 49 Ngày'!G440 | D81: ='📋 Báo Cáo 49 Ngày'!I440 | E81: ='📋 Báo Cáo 49 Ngày'!K440 | F81: ='📋 Báo Cáo 49 Ngày'!M440 | G81: =IF(COUNTIF('📋 Báo Cáo 49 Ngày'!H440:N440, "<>")>0, "🖼️ Có kèm ảnh", "—") | H81: ='📋 Báo Cáo 49 Ngày'!O440 | I81: ='📋 Báo Cáo 49 Ngày'!P440
A82: 5 | B82: Quỳnh Thu | C82: ='📋 Báo Cáo 49 Ngày'!G441 | D82: ='📋 Báo Cáo 49 Ngày'!I441 | E82: ='📋 Báo Cáo 49 Ngày'!K441 | F82: ='📋 Báo Cáo 49 Ngày'!M441 | G82: =IF(COUNTIF('📋 Báo Cáo 49 Ngày'!H441:N441, "<>")>0, "🖼️ Có kèm ảnh", "—") | H82: ='📋 Báo Cáo 49 Ngày'!O441 | I82: ='📋 Báo Cáo 49 Ngày'!P441
A83: 6 | B83: TanAnh Pham | C83: ='📋 Báo Cáo 49 Ngày'!G442 | D83: ='📋 Báo Cáo 49 Ngày'!I442 | E83: ='📋 Báo Cáo 49 Ngày'!K442 | F83: ='📋 Báo Cáo 49 Ngày'!M442 | G83: =IF(COUNTIF('📋 Báo Cáo 49 Ngày'!H442:N442, "<>")>0, "🖼️ Có kèm ảnh", "—") | H83: ='📋 Báo Cáo 49 Ngày'!O442 | I83: ='📋 Báo Cáo 49 Ngày'!P442
A84: 7 | B84: Thảo Collins Edu | C84: ='📋 Báo Cáo 49 Ngày'!G443 | D84: ='📋 Báo Cáo 49 Ngày'!I443 | E84: ='📋 Báo Cáo 49 Ngày'!K443 | F84: ='📋 Báo Cáo 49 Ngày'!M443 | G84: =IF(COUNTIF('📋 Báo Cáo 49 Ngày'!H443:N443, "<>")>0, "🖼️ Có kèm ảnh", "—") | H84: ='📋 Báo Cáo 49 Ngày'!O443 | I84: ='📋 Báo Cáo 49 Ngày'!P443
A85: 8 | B85: Trần Quế Lam | C85: ='📋 Báo Cáo 49 Ngày'!G444 | D85: ='📋 Báo Cáo 49 Ngày'!I444 | E85: ='📋 Báo Cáo 49 Ngày'!K444 | F85: ='📋 Báo Cáo 49 Ngày'!M444 | G85: =IF(COUNTIF('📋 Báo Cáo 49 Ngày'!H444:N444, "<>")>0, "🖼️ Có kèm ảnh", "—") | H85: ='📋 Báo Cáo 49 Ngày'!O444 | I85: ='📋 Báo Cáo 49 Ngày'!P444
A86: 9 | B86: Phạm Huyền | C86: ='📋 Báo Cáo 49 Ngày'!G445 | D86: ='📋 Báo Cáo 49 Ngày'!I445 | E86: ='📋 Báo Cáo 49 Ngày'!K445 | F86: ='📋 Báo Cáo 49 Ngày'!M445 | G86: =IF(COUNTIF('📋 Báo Cáo 49 Ngày'!H445:N445, "<>")>0, "🖼️ Có kèm ảnh", "—") | H86: ='📋 Báo Cáo 49 Ngày'!O445 | I86: ='📋 Báo Cáo 49 Ngày'!P445
