Workbook

Sheet 📊 TỔNG KẾT TIẾN ĐỘ
A1: 🚀 THỬ THÁCH XÂY KÊNH 7 TUẦN (08/09 - 26/10/2026) - BẢNG TỔNG KẾT TIẾN ĐỘ
A2: STT | B2: Họ và Tên | C2: Chỉ tiêu Reel (49) | D2: Reel Đã Nộp | E2: Chỉ tiêu Bài FB (98) | F2: Bài FB Đã Nộp | G2: Chỉ tiêu Bài Tập (49) | H2: Bài Tập Đã Nộp | I2: Tổng Nhiệm Vụ | J2: Tổng Đã Hoàn Thành | K2: Tỷ Lệ Đạt (%)
A3: 1 | B3: Nancy | C3: 49 | D3: =COUNTIFS('📋 NHẬP LINK VÀ ẢNH'!$F$3:$F$443, B3, '📋 NHẬP LINK VÀ ẢNH'!$G$3:$G$443, "<>") | E3: 98 | F3: =COUNTIFS('📋 NHẬP LINK VÀ ẢNH'!$F$3:$F$443, B3, '📋 NHẬP LINK VÀ ẢNH'!$I$3:$I$443, "<>") + COUNTIFS('📋 NHẬP LINK VÀ ẢNH'!$F$3:$F$443, B3, '📋 NHẬP LINK VÀ ẢNH'!$K$3:$K$443, "<>") | G3: 49 | H3: =COUNTIFS('📋 NHẬP LINK VÀ ẢNH'!$F$3:$F$443, B3, '📋 NHẬP LINK VÀ ẢNH'!$M$3:$M$443, "<>") | I3: 196 | J3: =D3+F3+H3 | K3: =IF(I3>0, J3/I3, 0)
A4: 2 | B4: Hoài Học Mãi | C4: 49 | D4: =COUNTIFS('📋 NHẬP LINK VÀ ẢNH'!$F$3:$F$443, B4, '📋 NHẬP LINK VÀ ẢNH'!$G$3:$G$443, "<>") | E4: 98 | F4: =COUNTIFS('📋 NHẬP LINK VÀ ẢNH'!$F$3:$F$443, B4, '📋 NHẬP LINK VÀ ẢNH'!$I$3:$I$443, "<>") + COUNTIFS('📋 NHẬP LINK VÀ ẢNH'!$F$3:$F$443, B4, '📋 NHẬP LINK VÀ ẢNH'!$K$3:$K$443, "<>") | G4: 49 | H4: =COUNTIFS('📋 NHẬP LINK VÀ ẢNH'!$F$3:$F$443, B4, '📋 NHẬP LINK VÀ ẢNH'!$M$3:$M$443, "<>") | I4: 196 | J4: =D4+F4+H4 | K4: =IF(I4>0, J4/I4, 0)
A5: 3 | B5: Lambee | C5: 49 | D5: =COUNTIFS('📋 NHẬP LINK VÀ ẢNH'!$F$3:$F$443, B5, '📋 NHẬP LINK VÀ ẢNH'!$G$3:$G$443, "<>") | E5: 98 | F5: =COUNTIFS('📋 NHẬP LINK VÀ ẢNH'!$F$3:$F$443, B5, '📋 NHẬP LINK VÀ ẢNH'!$I$3:$I$443, "<>") + COUNTIFS('📋 NHẬP LINK VÀ ẢNH'!$F$3:$F$443, B5, '📋 NHẬP LINK VÀ ẢNH'!$K$3:$K$443, "<>") | G5: 49 | H5: =COUNTIFS('📋 NHẬP LINK VÀ ẢNH'!$F$3:$F$443, B5, '📋 NHẬP LINK VÀ ẢNH'!$M$3:$M$443, "<>") | I5: 196 | J5: =D5+F5+H5 | K5: =IF(I5>0, J5/I5, 0)
A6: 4 | B6: Nhung Hoàng | C6: 49 | D6: =COUNTIFS('📋 NHẬP LINK VÀ ẢNH'!$F$3:$F$443, B6, '📋 NHẬP LINK VÀ ẢNH'!$G$3:$G$443, "<>") | E6: 98 | F6: =COUNTIFS('📋 NHẬP LINK VÀ ẢNH'!$F$3:$F$443, B6, '📋 NHẬP LINK VÀ ẢNH'!$I$3:$I$443, "<>") + COUNTIFS('📋 NHẬP LINK VÀ ẢNH'!$F$3:$F$443, B6, '📋 NHẬP LINK VÀ ẢNH'!$K$3:$K$443, "<>") | G6: 49 | H6: =COUNTIFS('📋 NHẬP LINK VÀ ẢNH'!$F$3:$F$443, B6, '📋 NHẬP LINK VÀ ẢNH'!$M$3:$M$443, "<>") | I6: 196 | J6: =D6+F6+H6 | K6: =IF(I6>0, J6/I6, 0)
A7: 5 | B7: Quỳnh Thu | C7: 49 | D7: =COUNTIFS('📋 NHẬP LINK VÀ ẢNH'!$F$3:$F$443, B7, '📋 NHẬP LINK VÀ ẢNH'!$G$3:$G$443, "<>") | E7: 98 | F7: =COUNTIFS('📋 NHẬP LINK VÀ ẢNH'!$F$3:$F$443, B7, '📋 NHẬP LINK VÀ ẢNH'!$I$3:$I$443, "<>") + COUNTIFS('📋 NHẬP LINK VÀ ẢNH'!$F$3:$F$443, B7, '📋 NHẬP LINK VÀ ẢNH'!$K$3:$K$443, "<>") | G7: 49 | H7: =COUNTIFS('📋 NHẬP LINK VÀ ẢNH'!$F$3:$F$443, B7, '📋 NHẬP LINK VÀ ẢNH'!$M$3:$M$443, "<>") | I7: 196 | J7: =D7+F7+H7 | K7: =IF(I7>0, J7/I7, 0)
A8: 6 | B8: TanAnh Pham | C8: 49 | D8: =COUNTIFS('📋 NHẬP LINK VÀ ẢNH'!$F$3:$F$443, B8, '📋 NHẬP LINK VÀ ẢNH'!$G$3:$G$443, "<>") | E8: 98 | F8: =COUNTIFS('📋 NHẬP LINK VÀ ẢNH'!$F$3:$F$443, B8, '📋 NHẬP LINK VÀ ẢNH'!$I$3:$I$443, "<>") + COUNTIFS('📋 NHẬP LINK VÀ ẢNH'!$F$3:$F$443, B8, '📋 NHẬP LINK VÀ ẢNH'!$K$3:$K$443, "<>") | G8: 49 | H8: =COUNTIFS('📋 NHẬP LINK VÀ ẢNH'!$F$3:$F$443, B8, '📋 NHẬP LINK VÀ ẢNH'!$M$3:$M$443, "<>") | I8: 196 | J8: =D8+F8+H8 | K8: =IF(I8>0, J8/I8, 0)
A9: 7 | B9: Thảo Collins Edu | C9: 49 | D9: =COUNTIFS('📋 NHẬP LINK VÀ ẢNH'!$F$3:$F$443, B9, '📋 NHẬP LINK VÀ ẢNH'!$G$3:$G$443, "<>") | E9: 98 | F9: =COUNTIFS('📋 NHẬP LINK VÀ ẢNH'!$F$3:$F$443, B9, '📋 NHẬP LINK VÀ ẢNH'!$I$3:$I$443, "<>") + COUNTIFS('📋 NHẬP LINK VÀ ẢNH'!$F$3:$F$443, B9, '📋 NHẬP LINK VÀ ẢNH'!$K$3:$K$443, "<>") | G9: 49 | H9: =COUNTIFS('📋 NHẬP LINK VÀ ẢNH'!$F$3:$F$443, B9, '📋 NHẬP LINK VÀ ẢNH'!$M$3:$M$443, "<>") | I9: 196 | J9: =D9+F9+H9 | K9: =IF(I9>0, J9/I9, 0)
A10: 8 | B10: Trần Quế Lam | C10: 49 | D10: =COUNTIFS('📋 NHẬP LINK VÀ ẢNH'!$F$3:$F$443, B10, '📋 NHẬP LINK VÀ ẢNH'!$G$3:$G$443, "<>") | E10: 98 | F10: =COUNTIFS('📋 NHẬP LINK VÀ ẢNH'!$F$3:$F$443, B10, '📋 NHẬP LINK VÀ ẢNH'!$I$3:$I$443, "<>") + COUNTIFS('📋 NHẬP LINK VÀ ẢNH'!$F$3:$F$443, B10, '📋 NHẬP LINK VÀ ẢNH'!$K$3:$K$443, "<>") | G10: 49 | H10: =COUNTIFS('📋 NHẬP LINK VÀ ẢNH'!$F$3:$F$443, B10, '📋 NHẬP LINK VÀ ẢNH'!$M$3:$M$443, "<>") | I10: 196 | J10: =D10+F10+H10 | K10: =IF(I10>0, J10/I10, 0)
A11: 9 | B11: Phạm Huyền | C11: 49 | D11: =COUNTIFS('📋 NHẬP LINK VÀ ẢNH'!$F$3:$F$443, B11, '📋 NHẬP LINK VÀ ẢNH'!$G$3:$G$443, "<>") | E11: 98 | F11: =COUNTIFS('📋 NHẬP LINK VÀ ẢNH'!$F$3:$F$443, B11, '📋 NHẬP LINK VÀ ẢNH'!$I$3:$I$443, "<>") + COUNTIFS('📋 NHẬP LINK VÀ ẢNH'!$F$3:$F$443, B11, '📋 NHẬP LINK VÀ ẢNH'!$K$3:$K$443, "<>") | G11: 49 | H11: =COUNTIFS('📋 NHẬP LINK VÀ ẢNH'!$F$3:$F$443, B11, '📋 NHẬP LINK VÀ ẢNH'!$M$3:$M$443, "<>") | I11: 196 | J11: =D11+F11+H11 | K11: =IF(I11>0, J11/I11, 0)
A12: TỔNG TOÀN NHÓM | C12: 441 | D12: =SUM(D3:D11) | E12: 882 | F12: =SUM(F3:F11) | G12: 441 | H12: =SUM(H3:H11) | I12: 1764 | J12: =SUM(J3:J11) | K12: =IF(I12>0, J12/I12, 0)

Sheet 📋 NHẬP LINK VÀ ẢNH
A1: 💡 HƯỚNG DẪN: 9 thành viên dán Link Facebook hoặc Link Ảnh chụp màn hình vào các cột tương ứng.
A2: STT | B2: Tuần | C2: Thứ | D2: Ngày | E2: Ngày Thứ | F2: Thành Viên | G2: Link Reel FB | H2: Ảnh Reel | I2: Link Bài FB 1 | J2: Ảnh Bài 1 | K2: Link Bài FB 2 | L2: Ảnh Bài 2 | M2: Link Bài Tập | N2: Ảnh Bài Tập | O2: Hoàn Thành | P2: Trạng Thái
A3: 1 | B3: Tuần 1 | C3: Thứ 3 | D3: 08/09/2026 | E3: Ngày 01 | F3: Nancy | O3: =(G3<>"")+(I3<>"")+(K3<>"")+(M3<>"") | P3: =IF(O3=4,"Đủ 4/4",IF(O3>0,"Đạt "&O3&"/4","Chưa nộp"))
A4: 2 | B4: Tuần 1 | C4: Thứ 3 | D4: 08/09/2026 | E4: Ngày 01 | F4: Hoài Học Mãi | O4: =(G4<>"")+(I4<>"")+(K4<>"")+(M4<>"") | P4: =IF(O4=4,"Đủ 4/4",IF(O4>0,"Đạt "&O4&"/4","Chưa nộp"))
A5: 3 | B5: Tuần 1 | C5: Thứ 3 | D5: 08/09/2026 | E5: Ngày 01 | F5: Lambee | O5: =(G5<>"")+(I5<>"")+(K5<>"")+(M5<>"") | P5: =IF(O5=4,"Đủ 4/4",IF(O5>0,"Đạt "&O5&"/4","Chưa nộp"))
A6: 4 | B6: Tuần 1 | C6: Thứ 3 | D6: 08/09/2026 | E6: Ngày 01 | F6: Nhung Hoàng | O6: =(G6<>"")+(I6<>"")+(K6<>"")+(M6<>"") | P6: =IF(O6=4,"Đủ 4/4",IF(O6>0,"Đạt "&O6&"/4","Chưa nộp"))
A7: 5 | B7: Tuần 1 | C7: Thứ 3 | D7: 08/09/2026 | E7: Ngày 01 | F7: Quỳnh Thu | O7: =(G7<>"")+(I7<>"")+(K7<>"")+(M7<>"") | P7: =IF(O7=4,"Đủ 4/4",IF(O7>0,"Đạt "&O7&"/4","Chưa nộp"))
A8: 6 | B8: Tuần 1 | C8: Thứ 3 | D8: 08/09/2026 | E8: Ngày 01 | F8: TanAnh Pham | O8: =(G8<>"")+(I8<>"")+(K8<>"")+(M8<>"") | P8: =IF(O8=4,"Đủ 4/4",IF(O8>0,"Đạt "&O8&"/4","Chưa nộp"))
A9: 7 | B9: Tuần 1 | C9: Thứ 3 | D9: 08/09/2026 | E9: Ngày 01 | F9: Thảo Collins Edu | O9: =(G9<>"")+(I9<>"")+(K9<>"")+(M9<>"") | P9: =IF(O9=4,"Đủ 4/4",IF(O9>0,"Đạt "&O9&"/4","Chưa nộp"))
A10: 8 | B10: Tuần 1 | C10: Thứ 3 | D10: 08/09/2026 | E10: Ngày 01 | F10: Trần Quế Lam | O10: =(G10<>"")+(I10<>"")+(K10<>"")+(M10<>"") | P10: =IF(O10=4,"Đủ 4/4",IF(O10>0,"Đạt "&O10&"/4","Chưa nộp"))
A11: 9 | B11: Tuần 1 | C11: Thứ 3 | D11: 08/09/2026 | E11: Ngày 01 | F11: Phạm Huyền | O11: =(G11<>"")+(I11<>"")+(K11<>"")+(M11<>"") | P11: =IF(O11=4,"Đủ 4/4",IF(O11>0,"Đạt "&O11&"/4","Chưa nộp"))
A12: 10 | B12: Tuần 1 | C12: Thứ 4 | D12: 09/09/2026 | E12: Ngày 02 | F12: Nancy | O12: =(G12<>"")+(I12<>"")+(K12<>"")+(M12<>"") | P12: =IF(O12=4,"Đủ 4/4",IF(O12>0,"Đạt "&O12&"/4","Chưa nộp"))
A13: 11 | B13: Tuần 1 | C13: Thứ 4 | D13: 09/09/2026 | E13: Ngày 02 | F13: Hoài Học Mãi | O13: =(G13<>"")+(I13<>"")+(K13<>"")+(M13<>"") | P13: =IF(O13=4,"Đủ 4/4",IF(O13>0,"Đạt "&O13&"/4","Chưa nộp"))
A14: 12 | B14: Tuần 1 | C14: Thứ 4 | D14: 09/09/2026 | E14: Ngày 02 | F14: Lambee | O14: =(G14<>"")+(I14<>"")+(K14<>"")+(M14<>"") | P14: =IF(O14=4,"Đủ 4/4",IF(O14>0,"Đạt "&O14&"/4","Chưa nộp"))
... A443: 441 | B443: Tuần 7 | C443: Thứ 2 | D443: 26/10/2026 | E443: Ngày 49 | F443: Phạm Huyền | O443: =(G443<>"")+(I443<>"")+(K443<>"")+(M443<>"") | P443: =IF(O443=4,"Đủ 4/4",IF(O443>0,"Đạt "&O443&"/4","Chưa nộp"))
